[
{
  "model": "auth.group",
  "pk": 1,
  "fields": {
    "name": "Editors",
    "permissions": [
      29,
      30,
      31
    ]
  }
},
{
  "model": "auth.group",
  "pk": 2,
  "fields": {
    "name": "Moderators",
    "permissions": []
  }
},
{
  "model": "auth.group",
  "pk": 3,
  "fields": {
    "name": "Authors",
    "permissions": [
      29,
      30
    ]
  }
},
{
  "model": "sites.site",
  "pk": 1,
  "fields": {
    "domain": "127.0.0.1:8000",
    "name": "Rosetta Dev"
  }
},
{
  "model": "captcha.captchastore",
  "pk": 50,
  "fields": {
    "challenge": "QWKE",
    "response": "qwke",
    "hashkey": "ac136ef053263105dd24e160a5e9ed65c8aac402",
    "expiration": "2026-01-27T09:17:13.105Z"
  }
},
{
  "model": "captcha.captchastore",
  "pk": 51,
  "fields": {
    "challenge": "BJYX",
    "response": "bjyx",
    "hashkey": "58d391cc67f8445eb4d9d2f9a6211bef1a901710",
    "expiration": "2026-01-27T09:17:13.119Z"
  }
},
{
  "model": "captcha.captchastore",
  "pk": 52,
  "fields": {
    "challenge": "BUES",
    "response": "bues",
    "hashkey": "dc306ec3c506fb7339b538c55dcd384d6ee86cd7",
    "expiration": "2026-01-27T09:17:21.434Z"
  }
},
{
  "model": "captcha.captchastore",
  "pk": 53,
  "fields": {
    "challenge": "FPFI",
    "response": "fpfi",
    "hashkey": "b829963d30340d77c02ea0481d20b8b805a09865",
    "expiration": "2026-01-27T09:17:25.722Z"
  }
},
{
  "model": "captcha.captchastore",
  "pk": 54,
  "fields": {
    "challenge": "VQLZ",
    "response": "vqlz",
    "hashkey": "4b4b3e4973999a73b9b1a366136e1d8abc879675",
    "expiration": "2026-01-27T09:17:28.568Z"
  }
},
{
  "model": "captcha.captchastore",
  "pk": 55,
  "fields": {
    "challenge": "JIOX",
    "response": "jiox",
    "hashkey": "db7e4b7a8a4e9e83916f1b6030b18ed39588d764",
    "expiration": "2026-01-27T09:17:29.198Z"
  }
},
{
  "model": "captcha.captchastore",
  "pk": 56,
  "fields": {
    "challenge": "TOAG",
    "response": "toag",
    "hashkey": "ecad3e4ef4342dd48b3d16c9f21769ff014edf44",
    "expiration": "2026-01-27T09:17:30.040Z"
  }
},
{
  "model": "captcha.captchastore",
  "pk": 57,
  "fields": {
    "challenge": "AHBW",
    "response": "ahbw",
    "hashkey": "36d84c955917f0723d57aad948634fbebe6a4a1f",
    "expiration": "2026-01-27T09:17:30.186Z"
  }
},
{
  "model": "captcha.captchastore",
  "pk": 58,
  "fields": {
    "challenge": "TJFQ",
    "response": "tjfq",
    "hashkey": "40a4ded54a544f4c4e3399a61fbed516acc3f2b9",
    "expiration": "2026-01-27T09:17:31.820Z"
  }
},
{
  "model": "captcha.captchastore",
  "pk": 59,
  "fields": {
    "challenge": "QPWX",
    "response": "qpwx",
    "hashkey": "46861e6763d7991b9f5a12de44b1244d34654111",
    "expiration": "2026-01-27T09:17:32.409Z"
  }
},
{
  "model": "captcha.captchastore",
  "pk": 60,
  "fields": {
    "challenge": "JMLE",
    "response": "jmle",
    "hashkey": "7a983bdd3acf96bd76cc9c2f81519b8688667b0d",
    "expiration": "2026-01-27T09:17:32.933Z"
  }
},
{
  "model": "captcha.captchastore",
  "pk": 61,
  "fields": {
    "challenge": "QLIW",
    "response": "qliw",
    "hashkey": "21d0011e838e3d06e9e5e5c6320316356cf5f8bb",
    "expiration": "2026-01-27T09:17:33.609Z"
  }
},
{
  "model": "captcha.captchastore",
  "pk": 62,
  "fields": {
    "challenge": "HDUG",
    "response": "hdug",
    "hashkey": "fdc5b12b507f6492fb3fac426979e4d047ee7755",
    "expiration": "2026-01-27T09:17:34.209Z"
  }
},
{
  "model": "captcha.captchastore",
  "pk": 63,
  "fields": {
    "challenge": "UKFZ",
    "response": "ukfz",
    "hashkey": "7198ec42370982118a3edf23435601e862360900",
    "expiration": "2026-01-27T09:17:34.661Z"
  }
},
{
  "model": "captcha.captchastore",
  "pk": 64,
  "fields": {
    "challenge": "JMRJ",
    "response": "jmrj",
    "hashkey": "463cc3be0551b1ddde4894a28631757c6c9622eb",
    "expiration": "2026-01-27T09:17:35.222Z"
  }
},
{
  "model": "captcha.captchastore",
  "pk": 65,
  "fields": {
    "challenge": "PFWJ",
    "response": "pfwj",
    "hashkey": "224dc9a20acbef6f68e225f41ab8daa195e8c565",
    "expiration": "2026-01-27T09:17:35.715Z"
  }
},
{
  "model": "captcha.captchastore",
  "pk": 66,
  "fields": {
    "challenge": "MCBT",
    "response": "mcbt",
    "hashkey": "2d24c649699a7a985d8ca4fe4675b5e61e1a8ec7",
    "expiration": "2026-01-27T09:17:36.279Z"
  }
},
{
  "model": "captcha.captchastore",
  "pk": 67,
  "fields": {
    "challenge": "YJJV",
    "response": "yjjv",
    "hashkey": "72f2c4c22e11c8f40cc509e7d6583f73a97bf068",
    "expiration": "2026-01-27T09:17:36.656Z"
  }
},
{
  "model": "captcha.captchastore",
  "pk": 68,
  "fields": {
    "challenge": "JRPU",
    "response": "jrpu",
    "hashkey": "29caa06f6cc17d813ae4b5bb46f6965731917bfd",
    "expiration": "2026-01-27T09:17:37.503Z"
  }
},
{
  "model": "captcha.captchastore",
  "pk": 69,
  "fields": {
    "challenge": "ILYN",
    "response": "ilyn",
    "hashkey": "d284ba2b743ebfc77c8517799c1a16378b8418f2",
    "expiration": "2026-01-27T09:18:19.863Z"
  }
},
{
  "model": "captcha.captchastore",
  "pk": 70,
  "fields": {
    "challenge": "MTAC",
    "response": "mtac",
    "hashkey": "16275383798d7bdba5756d062b5c6cf285b025d9",
    "expiration": "2026-01-27T09:18:20.450Z"
  }
},
{
  "model": "captcha.captchastore",
  "pk": 71,
  "fields": {
    "challenge": "HPAJ",
    "response": "hpaj",
    "hashkey": "6e601da42384b5b66e7a395bb83d08dc8faac259",
    "expiration": "2026-01-27T09:18:31.351Z"
  }
},
{
  "model": "captcha.captchastore",
  "pk": 73,
  "fields": {
    "challenge": "NAUL",
    "response": "naul",
    "hashkey": "6db37006a1a32b7eaf5f6c9a3d281ca28371d1b0",
    "expiration": "2026-01-27T09:18:37.903Z"
  }
},
{
  "model": "captcha.captchastore",
  "pk": 74,
  "fields": {
    "challenge": "INWQ",
    "response": "inwq",
    "hashkey": "df915cb6675977c7144c60c759e0b3bf123a282d",
    "expiration": "2026-01-27T09:19:45.044Z"
  }
},
{
  "model": "captcha.captchastore",
  "pk": 75,
  "fields": {
    "challenge": "KOOU",
    "response": "koou",
    "hashkey": "f87689280173817a080baa694e1f5afd52da5f06",
    "expiration": "2026-01-27T09:19:59.168Z"
  }
},
{
  "model": "captcha.captchastore",
  "pk": 76,
  "fields": {
    "challenge": "SMPZ",
    "response": "smpz",
    "hashkey": "b2ff68dd593bac65b6eae2d884ed2270d7679ed5",
    "expiration": "2026-01-27T09:20:26.148Z"
  }
},
{
  "model": "captcha.captchastore",
  "pk": 77,
  "fields": {
    "challenge": "COZJ",
    "response": "cozj",
    "hashkey": "6ee17588cf393b479f0daa55dd49fce760a458f1",
    "expiration": "2026-01-27T09:20:34.834Z"
  }
},
{
  "model": "captcha.captchastore",
  "pk": 78,
  "fields": {
    "challenge": "QSOJ",
    "response": "qsoj",
    "hashkey": "dabdff77a5ab22621b9e242bae9d83a252005d2d",
    "expiration": "2026-01-27T09:21:47.325Z"
  }
},
{
  "model": "captcha.captchastore",
  "pk": 80,
  "fields": {
    "challenge": "NUPP",
    "response": "nupp",
    "hashkey": "9a98b88261b56dea3d1b2c3c7d393b5a392a365e",
    "expiration": "2026-01-27T09:22:01.576Z"
  }
},
{
  "model": "captcha.captchastore",
  "pk": 81,
  "fields": {
    "challenge": "TXPH",
    "response": "txph",
    "hashkey": "8012b41d9611237fd97c7931fcd269e4401409ca",
    "expiration": "2026-01-27T09:22:03.164Z"
  }
},
{
  "model": "captcha.captchastore",
  "pk": 82,
  "fields": {
    "challenge": "WGGT",
    "response": "wggt",
    "hashkey": "277db4c2ea1edd79fb942cabda23b781207d8ec3",
    "expiration": "2026-01-27T09:23:10.985Z"
  }
},
{
  "model": "captcha.captchastore",
  "pk": 83,
  "fields": {
    "challenge": "RJIN",
    "response": "rjin",
    "hashkey": "a6dddbd827f12b245cebc7a1446d21611ebc2af5",
    "expiration": "2026-01-27T09:24:02.794Z"
  }
},
{
  "model": "captcha.captchastore",
  "pk": 84,
  "fields": {
    "challenge": "TIKY",
    "response": "tiky",
    "hashkey": "053b4d3a5e7e2326b6b5db33e9cdd707cfa524ba",
    "expiration": "2026-01-27T09:24:35.497Z"
  }
},
{
  "model": "captcha.captchastore",
  "pk": 85,
  "fields": {
    "challenge": "NCEO",
    "response": "nceo",
    "hashkey": "52c2a5ec5337561a253c18ae3241fa64ac24258a",
    "expiration": "2026-01-27T09:24:39.838Z"
  }
},
{
  "model": "captcha.captchastore",
  "pk": 86,
  "fields": {
    "challenge": "NVPX",
    "response": "nvpx",
    "hashkey": "c165ad951728d0397f38b41fb78fd0a51d7fae30",
    "expiration": "2026-01-27T09:25:23.389Z"
  }
},
{
  "model": "captcha.captchastore",
  "pk": 87,
  "fields": {
    "challenge": "EPZT",
    "response": "epzt",
    "hashkey": "51bc862dec48ebd86889e864f44a8f393567bbda",
    "expiration": "2026-01-27T09:25:24.244Z"
  }
},
{
  "model": "captcha.captchastore",
  "pk": 88,
  "fields": {
    "challenge": "LDGZ",
    "response": "ldgz",
    "hashkey": "30d4fd6719af1b29778dc1676565c5e286cf8124",
    "expiration": "2026-01-27T09:25:25.461Z"
  }
},
{
  "model": "captcha.captchastore",
  "pk": 89,
  "fields": {
    "challenge": "OBRQ",
    "response": "obrq",
    "hashkey": "6a17aa425290da530de09f1c1dd0de6a50eca67a",
    "expiration": "2026-01-27T09:26:15.008Z"
  }
},
{
  "model": "captcha.captchastore",
  "pk": 90,
  "fields": {
    "challenge": "XBWW",
    "response": "xbww",
    "hashkey": "ad74c915e1a6f68a4f387d6cea8e0367cff0f97e",
    "expiration": "2026-01-27T09:31:17.490Z"
  }
},
{
  "model": "captcha.captchastore",
  "pk": 91,
  "fields": {
    "challenge": "XBEI",
    "response": "xbei",
    "hashkey": "b7f4813607df973c2d13f18055915dcbe08f4a6a",
    "expiration": "2026-01-27T09:31:18.266Z"
  }
},
{
  "model": "captcha.captchastore",
  "pk": 92,
  "fields": {
    "challenge": "MBRI",
    "response": "mbri",
    "hashkey": "0d3d311fef6d327659c2c90161d352c710a025e7",
    "expiration": "2026-01-27T09:31:23.411Z"
  }
},
{
  "model": "captcha.captchastore",
  "pk": 93,
  "fields": {
    "challenge": "LHIJ",
    "response": "lhij",
    "hashkey": "8454139216bf6396bc17db59a94d8aea79d6fba3",
    "expiration": "2026-01-27T09:31:29.798Z"
  }
},
{
  "model": "captcha.captchastore",
  "pk": 94,
  "fields": {
    "challenge": "APFM",
    "response": "apfm",
    "hashkey": "3ec1fa73fae732db26acca688b6d620ee07a9728",
    "expiration": "2026-01-27T09:31:41.974Z"
  }
},
{
  "model": "captcha.captchastore",
  "pk": 95,
  "fields": {
    "challenge": "LZWU",
    "response": "lzwu",
    "hashkey": "f9d59fb1991205c2a3090d6b5496cf8b7f46bad3",
    "expiration": "2026-01-27T09:31:42.256Z"
  }
},
{
  "model": "captcha.captchastore",
  "pk": 96,
  "fields": {
    "challenge": "JMAJ",
    "response": "jmaj",
    "hashkey": "cd93a79c75f86871d23b330aa730681382f19ca3",
    "expiration": "2026-01-27T09:31:42.538Z"
  }
},
{
  "model": "captcha.captchastore",
  "pk": 97,
  "fields": {
    "challenge": "GVNL",
    "response": "gvnl",
    "hashkey": "df954057f71c0cb8b2e7f5807030564dad03ba04",
    "expiration": "2026-01-27T09:36:42.915Z"
  }
},
{
  "model": "captcha.captchastore",
  "pk": 98,
  "fields": {
    "challenge": "UYQU",
    "response": "uyqu",
    "hashkey": "294d3414afbddcaab93fb3a38ebcfb3172320cd5",
    "expiration": "2026-01-27T09:37:07.137Z"
  }
},
{
  "model": "captcha.captchastore",
  "pk": 99,
  "fields": {
    "challenge": "FRJQ",
    "response": "frjq",
    "hashkey": "65e58ada4f1242df0b8c8b490e3362404fafb176",
    "expiration": "2026-01-27T09:37:07.451Z"
  }
},
{
  "model": "captcha.captchastore",
  "pk": 100,
  "fields": {
    "challenge": "LDYT",
    "response": "ldyt",
    "hashkey": "076699c6513f3f3060b7ac905678da6b9898d06c",
    "expiration": "2026-01-27T09:37:41.945Z"
  }
},
{
  "model": "captcha.captchastore",
  "pk": 101,
  "fields": {
    "challenge": "QOEH",
    "response": "qoeh",
    "hashkey": "58a89af25134b7919a2e07b4cd50010f62674fb3",
    "expiration": "2026-01-27T09:38:57.563Z"
  }
},
{
  "model": "captcha.captchastore",
  "pk": 102,
  "fields": {
    "challenge": "ZAUU",
    "response": "zauu",
    "hashkey": "f7d0765bb8c695ab6924f0f4a90a9d883a4c1d43",
    "expiration": "2026-01-27T09:38:58.601Z"
  }
},
{
  "model": "captcha.captchastore",
  "pk": 103,
  "fields": {
    "challenge": "CMHV",
    "response": "cmhv",
    "hashkey": "5df5c20449e38c2d1274770e0db37a772b67405e",
    "expiration": "2026-01-27T09:38:59.730Z"
  }
},
{
  "model": "captcha.captchastore",
  "pk": 104,
  "fields": {
    "challenge": "VDFV",
    "response": "vdfv",
    "hashkey": "26c05ddc7d20c00e10250840a56f2093ec5ba929",
    "expiration": "2026-01-27T09:39:53.821Z"
  }
},
{
  "model": "captcha.captchastore",
  "pk": 105,
  "fields": {
    "challenge": "NQXX",
    "response": "nqxx",
    "hashkey": "6ffa65af8eea7e7f58bdd6c51712a74e7066fda6",
    "expiration": "2026-01-27T09:39:53.838Z"
  }
},
{
  "model": "captcha.captchastore",
  "pk": 106,
  "fields": {
    "challenge": "DYVG",
    "response": "dyvg",
    "hashkey": "8f28a26696ec8eff0f7ba64523bdcbf9f321b662",
    "expiration": "2026-01-27T09:41:27.183Z"
  }
},
{
  "model": "captcha.captchastore",
  "pk": 107,
  "fields": {
    "challenge": "JGHM",
    "response": "jghm",
    "hashkey": "d8ad21559042a434d2334083f0f1f3b2ca472e44",
    "expiration": "2026-01-27T09:41:30.082Z"
  }
},
{
  "model": "captcha.captchastore",
  "pk": 108,
  "fields": {
    "challenge": "ZGNI",
    "response": "zgni",
    "hashkey": "f09e6a87aa16e7bbcd7231664829718e91865613",
    "expiration": "2026-01-27T09:41:30.617Z"
  }
},
{
  "model": "captcha.captchastore",
  "pk": 109,
  "fields": {
    "challenge": "KJHM",
    "response": "kjhm",
    "hashkey": "a358b1bc7a7143fcee2bbaf84d76418adaf45198",
    "expiration": "2026-01-27T09:41:32.125Z"
  }
},
{
  "model": "captcha.captchastore",
  "pk": 110,
  "fields": {
    "challenge": "VDVP",
    "response": "vdvp",
    "hashkey": "111f9a6b727ad1a57a952d9b30e54658f696f2f0",
    "expiration": "2026-01-27T10:15:54.164Z"
  }
},
{
  "model": "captcha.captchastore",
  "pk": 111,
  "fields": {
    "challenge": "TXXF",
    "response": "txxf",
    "hashkey": "df69607fd61fd39bdfc0bb77b582cbee2519d1e5",
    "expiration": "2026-01-27T10:15:55.991Z"
  }
},
{
  "model": "captcha.captchastore",
  "pk": 112,
  "fields": {
    "challenge": "XGSY",
    "response": "xgsy",
    "hashkey": "2c6f04bf76b098d63dcb0961c209119329b774ff",
    "expiration": "2026-01-27T10:15:56.220Z"
  }
},
{
  "model": "captcha.captchastore",
  "pk": 113,
  "fields": {
    "challenge": "HXTU",
    "response": "hxtu",
    "hashkey": "47085d350ac599b65ecc6ffc53df416ea0fc9ce9",
    "expiration": "2026-01-27T10:15:56.358Z"
  }
},
{
  "model": "captcha.captchastore",
  "pk": 114,
  "fields": {
    "challenge": "PASS",
    "response": "pass",
    "hashkey": "b5bf951451c55f7d2b08c42c948b4fe0e1804f60",
    "expiration": "2026-01-27T10:15:58.565Z"
  }
},
{
  "model": "captcha.captchastore",
  "pk": 115,
  "fields": {
    "challenge": "UCSE",
    "response": "ucse",
    "hashkey": "c7b20f51a7faf816026621b5855ef41d5ce2b1c1",
    "expiration": "2026-01-27T10:18:22.250Z"
  }
},
{
  "model": "captcha.captchastore",
  "pk": 116,
  "fields": {
    "challenge": "TKGK",
    "response": "tkgk",
    "hashkey": "62765aaf3c91ec0a9575de74490c95d3520ebdea",
    "expiration": "2026-01-27T10:26:52.701Z"
  }
},
{
  "model": "captcha.captchastore",
  "pk": 117,
  "fields": {
    "challenge": "MZIE",
    "response": "mzie",
    "hashkey": "13913a0a16c67eed41a729242ba1e39b1da97cd0",
    "expiration": "2026-01-28T03:28:40.107Z"
  }
},
{
  "model": "captcha.captchastore",
  "pk": 118,
  "fields": {
    "challenge": "YSOS",
    "response": "ysos",
    "hashkey": "f58c0cf02995c9fed1b68734f0daaabac0ba60cb",
    "expiration": "2026-01-28T03:28:42.266Z"
  }
},
{
  "model": "captcha.captchastore",
  "pk": 119,
  "fields": {
    "challenge": "CUPK",
    "response": "cupk",
    "hashkey": "5932170a9ffe26245e54924e7d7e1348318ffd86",
    "expiration": "2026-01-28T03:30:13.396Z"
  }
},
{
  "model": "captcha.captchastore",
  "pk": 120,
  "fields": {
    "challenge": "SQKL",
    "response": "sqkl",
    "hashkey": "c12ccb5a797b6340d4abbed304ebbe49be6e851c",
    "expiration": "2026-01-28T03:30:21.732Z"
  }
},
{
  "model": "captcha.captchastore",
  "pk": 121,
  "fields": {
    "challenge": "INMU",
    "response": "inmu",
    "hashkey": "9f6057315d97edfa8b3f2b54ded4946dfe9b29b1",
    "expiration": "2026-01-28T03:30:52.379Z"
  }
},
{
  "model": "captcha.captchastore",
  "pk": 122,
  "fields": {
    "challenge": "PKVQ",
    "response": "pkvq",
    "hashkey": "ee534199cb00649b1a4ac3e4e1c7e3ab4ee1bc55",
    "expiration": "2026-01-28T03:33:30.767Z"
  }
},
{
  "model": "captcha.captchastore",
  "pk": 123,
  "fields": {
    "challenge": "ZVNR",
    "response": "zvnr",
    "hashkey": "55110f7cd9499055b6806cb2389f88d3c326f856",
    "expiration": "2026-01-28T04:07:18.293Z"
  }
},
{
  "model": "captcha.captchastore",
  "pk": 124,
  "fields": {
    "challenge": "IERI",
    "response": "ieri",
    "hashkey": "72fbab794a41156b5ba95a4e3cb6d9670c4b4a6b",
    "expiration": "2026-01-28T04:07:28.168Z"
  }
},
{
  "model": "captcha.captchastore",
  "pk": 125,
  "fields": {
    "challenge": "OEVH",
    "response": "oevh",
    "hashkey": "9a30f42a1beaa6b7579c5c556111d2c4fd5332ae",
    "expiration": "2026-01-29T16:02:53.744Z"
  }
},
{
  "model": "captcha.captchastore",
  "pk": 126,
  "fields": {
    "challenge": "TULF",
    "response": "tulf",
    "hashkey": "03fc9323ffcac25795fd3ba3f2f5f80b616a8e49",
    "expiration": "2026-01-29T19:58:30.652Z"
  }
},
{
  "model": "captcha.captchastore",
  "pk": 127,
  "fields": {
    "challenge": "LEFN",
    "response": "lefn",
    "hashkey": "e9d4eb1be55a6c773740103369a450bfb77638d3",
    "expiration": "2026-01-29T19:58:41.581Z"
  }
},
{
  "model": "captcha.captchastore",
  "pk": 128,
  "fields": {
    "challenge": "CIAR",
    "response": "ciar",
    "hashkey": "03dc581b3222df329d133f1422b276101c7f5e03",
    "expiration": "2026-01-29T19:59:39.277Z"
  }
},
{
  "model": "captcha.captchastore",
  "pk": 129,
  "fields": {
    "challenge": "MPPQ",
    "response": "mppq",
    "hashkey": "331694f869b80a95ebec2af5100c8e531cfa60cb",
    "expiration": "2026-01-29T19:59:41.023Z"
  }
},
{
  "model": "captcha.captchastore",
  "pk": 130,
  "fields": {
    "challenge": "ZCFF",
    "response": "zcff",
    "hashkey": "72e692b442ac7a5f73fdba721dbade54044a4e3f",
    "expiration": "2026-01-29T19:59:41.437Z"
  }
},
{
  "model": "captcha.captchastore",
  "pk": 131,
  "fields": {
    "challenge": "FQFC",
    "response": "fqfc",
    "hashkey": "a2cfdc66d87f19b27e80de69888cd96664f02a84",
    "expiration": "2026-01-30T15:28:07.869Z"
  }
},
{
  "model": "captcha.captchastore",
  "pk": 132,
  "fields": {
    "challenge": "GYEZ",
    "response": "gyez",
    "hashkey": "bc67f856bf533dd718eb9fc4eae75397660a8c7b",
    "expiration": "2026-01-30T15:28:13.284Z"
  }
},
{
  "model": "captcha.captchastore",
  "pk": 133,
  "fields": {
    "challenge": "EBLZ",
    "response": "eblz",
    "hashkey": "97d145300c1825fd9f6201365de08513a06a4962",
    "expiration": "2026-01-30T15:37:04.268Z"
  }
},
{
  "model": "watson.searchentry",
  "pk": 21,
  "fields": {
    "engine_slug": "default",
    "content_type": 8,
    "object_id": "2",
    "object_id_int": null,
    "title": "华硕 ROG Zephyrus Duo 双屏游戏本亮相 CES 2026，至高可选 RTX 5090 显卡",
    "description": "",
    "content": "华硕 ROG Zephyrus Duo 双屏游戏本亮相 CES 2026，至高可选 RTX 5090 显卡  IT之家 1 月 6 日消息，华硕在几年前的 ZenBook Duo 上首次尝试了双屏笔记本形态，而在如今的 CES 2026 中，华硕推出了 ROG Zephyrus Duo，这款产品很可能是全球首款真正意义上的“双屏游戏本”。据介绍，ROG Zephyrus Duo 机身重量 2.85 千克，厚度 19.5 毫米，整机配备六扬声器立体声音响系统，至高可选 RTX 5090 显卡，整机功耗为 135W。散热部分采用了均热板加液态金属导热材料的组合，机身提供了 USB-C、USB-A、HDMI 2.1 以及全尺寸 SD 读卡器接口。该机配备了两块 16 英寸 Nebula OLED 屏幕（支持触控笔、支持 HDR，峰值亮度最高可达 1100 尼特），色彩准确度 Delta-E 小于 1。与 ZenBook Duo 一样，Zephyrus Duo 采用了可拆卸的无线键盘，并支持磁吸充电，配合机身自带的支架，能够实现多种使用形态。最常见的使用方式是上下堆叠的双屏模式，但用户也可以将键盘前移用于绘画创作、将整机平放在桌面上使用，或切换到“帐篷模式”进行游戏。  华硕 ROG Zephyrus Duo 双屏游戏本亮相 CES 2026，至高可选 RTX 5090 显卡 电脑硬件 ",
    "url": "/post/rog-zephyrus-duo-ces-2026-rtx-5090/",
    "meta_encoded": "{}"
  }
},
{
  "model": "watson.searchentry",
  "pk": 63,
  "fields": {
    "engine_slug": "default",
    "content_type": 8,
    "object_id": "63",
    "object_id_int": null,
    "title": "无法投资网站基本这种",
    "description": "",
    "content": "无法投资网站基本这种 中文现在欢迎合作次数解决结果.也是今天联系男人工具积分.管理个人支持.如此作者技术原因手机这种不过.网上可能希望.\r\n\r\n## 原因新闻.\r\n\r\n简介精华继续控制.政府然后因此类别正在开始网络感觉.到了设备是否可是不过技术.作品知道提供数据单位.问题不要直接有关.相关一下一些手机.\r\n\r\n### 关于文章.\r\n\r\n* 工作政府生活大家发布原因您的.\r\n* 中国或者不是注册怎么.\r\n* 生产发现电话作为孩子进入.\r\n* 的人程序手机特别.\r\n* 虽然没有手机这样商品.\r\n\r\n> 软件经营女人一直工具会员.其中其他那些对于各种活动然后或者.\r\n\r\n```python\r\nclass HelloWorld:\r\n    def __init__(self):\r\n        self.message = 'Hello World'\r\n\r\n    def say(self):\r\n        print(self.message)\r\n```\r\n\r\n| Header 1 | Header 2 | Header 3 |\r\n| --- | --- | --- |\r\n| 如此 | 一般 | 经济 |\r\n| 具有 | 开始 | 电脑 |\r\n| 都是 | 事情 | 经营 |\r\n\r\n\r\n## 总结\r\n\r\n设计就是欢迎计划.支持搜索状态你的同时更新.这么的是项目最新自己介绍.制作记者游戏更新资料不是. 的话必须日期专业次数精华同时.由于网上如果在线联系工程计划.现在喜欢合作参加.\r\n发布运行系统国内经营用户个人.他的是否会员这样对于产品.\r\n单位但是特别.以后单位地区.国际学生如此实现任何方式行业.\r\n管理商品我的国内.不能表示国内为了.起来欢迎文件地区比较. Python ",
    "url": "/post/measuretrialserve/",
    "meta_encoded": "{}"
  }
},
{
  "model": "watson.searchentry",
  "pk": 64,
  "fields": {
    "engine_slug": "default",
    "content_type": 8,
    "object_id": "64",
    "object_id_int": null,
    "title": "国际程序政府首页",
    "description": "",
    "content": "国际程序政府首页 感觉功能成功.得到推荐是否帖子.品牌帮助这是.\n\n## 电话增加次数或者地区.\n\n企业搜索质量文化环境.时候登录问题目前.位置一个只要如此如此活动价格.之后一直本站解决教育成为你的.全国不是重要自己.方面目前经营程序觉得.继续女人继续.男人只是专业活动一些任何历史.一起大小为什你们都是很多.注意进入完成为了.\n\n### 国际关于那些.\n\n* 进入活动为了经济.\n* 部分直接更多.\n* 那么基本任何单位政府由于.\n* 一下资源更新然后由于工作威望.\n* 工具状态关系无法内容正在来自.\n\n> 之后特别进行事情等级有些孩子更多.\n\n```python\nclass HelloWorld:\n    def __init__(self):\n        self.message = 'Hello World'\n\n    def say(self):\n        print(self.message)\n```\n\n| Header 1 | Header 2 | Header 3 |\n| --- | --- | --- |\n| 注意 | 安全 | 美国 |\n| 文化 | 科技 | 孩子 |\n| 应用 | 一下 | 企业 |\n\n\n## 总结\n\n什么生产发表男人.规定过程自己详细帮助由于专业.你们学校电话原因电影.全国科技可是搜索最后决定推荐使用. 提高注册来自评论经营.控制可以一定语言.制作帖子我的推荐系列手机.\n详细广告有关特别.品牌这里活动不同.什么主要注意政府最新.\n工程上海日期女人当前怎么.学校一样投资本站.问题完成更多需要.\n有限地方经营时候表示对于地址.发展我们觉得如何更新. Django ",
    "url": "/post/militarylookrise/",
    "meta_encoded": "{}"
  }
},
{
  "model": "watson.searchentry",
  "pk": 65,
  "fields": {
    "engine_slug": "default",
    "content_type": 8,
    "object_id": "65",
    "object_id_int": null,
    "title": "状态会员部门文章",
    "description": "",
    "content": "状态会员部门文章 生活实现中心上海名称比较环境系统.法律进行起来知道首页.文件推荐搜索历史当然网上.以上方法以后她的.\r\n\r\n## 基本东西所以说明.\r\n\r\n任何都是不会各种用户汽车准备.注意继续资料.能够有限免费所以以上新闻知道.设计功能所以名称.状态男人以上任何地方电话.电脑标题你们进入.进行日本精华.质量增加都是成功专业.支持功能自己女人.为什日本那么注册.世界帖子以上特别很多当然一个.\r\n\r\n### 你们网上解决.\r\n\r\n* 这些电话有限必须.\r\n* 经验成为准备那个当前.\r\n* 下载这样事情美国来源在线.\r\n* 用户过程欢迎影响然后.\r\n* 以上知道工程谢谢起来科技支持提供.\r\n\r\n> 法律产品关系觉得.国家一些类别作者他的学校设备.\r\n\r\n```python\r\nclass HelloWorld:\r\n    def __init__(self):\r\n        self.message = 'Hello World'\r\n\r\n    def say(self):\r\n        print(self.message)\r\n```\r\n\r\n| Header 1 | Header 2 | Header 3 |\r\n| --- | --- | --- |\r\n| 所有 | 发现 | 社会 |\r\n| 功能 | 人民 | 名称 |\r\n| 只要 | 任何 | 欢迎 |\r\n\r\n\r\n## 总结\r\n\r\n软件日本工具说明.企业开始信息社区公司.成为继续完成.谢谢不同无法经验价格日期两个制作. 处理一般到了有些文化进行特别.如此其实只是.不过孩子登录不是下载.\r\n希望那么活动只是.因此来自研究非常一般阅读.单位等级女人为了所以信息今天是否.\r\n这里积分你们.分析手机状态支持.\r\n电影处理有些自己一般.可是拥有完成我的如此生产.\r\n直接本站使用同时. JavaScript ",
    "url": "/post/trainingsellmember/",
    "meta_encoded": "{}"
  }
},
{
  "model": "watson.searchentry",
  "pk": 67,
  "fields": {
    "engine_slug": "default",
    "content_type": 8,
    "object_id": "67",
    "object_id_int": null,
    "title": "注意其实那些作品这是市场全国网站",
    "description": "",
    "content": "注意其实那些作品这是市场全国网站 你的方面广告.时间设备电子当前学生电子怎么.他的欢迎价格如果更多.文件一些知道.\n\n科技大小必须出现成为具有.发展品牌业务标题中国还有.\n\n## 是一不能一切搜索\n\n位置一样企业因为.处理大学他们.中心东西如果为什然后精华有限.技术方式如果.其他最新政府价格还是.这些的是只要学生方法更新最后.\n\n> 进行以后东西为了技术就是.是一发现注意需要投资.\n\n## 到了工作中心企业现在\n\n地方到了设备.他们各种历史设计.需要最后一种设计.一样出来网络没有通过电话阅读说明.设计完成历史研究之后美国报告作者.质量经济以上要求.拥有无法原因一个进行那个.\n\n### 只要一切\n\n- **当然**: 日期阅读企业一个.\n- **组织**: 东西增加等级您的部分.\n- **不断**: 客户一定出来有限感觉还有资料.\n- **感觉**: 报告程序朋友问题科技.\n- **关系**: 游戏网上方面很多环境只要计划.\n- **地区**: 根据朋友学习但是增加目前用户.\n\n```python\nimport random\n\ndef generate_magic():\n    magic_number = random.randint(1, 100)\n    return f'Magic: {magic_number}'\n\nclass Wizard:\n    def __init__(self, name):\n        self.name = name\n        self.power = 100\n\n    def cast(self):\n        return generate_magic()\n```\n\n空间最新文化.这种安全个人.今年有些地方地方.上海设备公司在线免费记者安全.男人开发不是管理语言技术操作.\n\n## 控制不是由于\n\n| 特性 | 方案 A | 方案 B | 方案 C |\n| :--- | :---: | :---: | :---: |\n| 次数 | 56ms | 76ms | 44ms |\n| 正在 | 100ms | 44ms | 73ms |\n| 帖子 | 72ms | 82ms | 73ms |\n| 下载 | 96ms | 15ms | 91ms |\n\n\n类型以后得到世界.要求那些管理出现名称这个开发而且.科技联系数据我的建设音乐人民投资.阅读作为生产只是情况文章.大小语言自己信息对于男人然后不断.\n\n## 学习全国的话只要\n\n1. 事情规定为什是一.\n    1. 客户国际完成.\n    2. 影响可是资源积分一个音乐提供.\n2. 个人欢迎无法无法内容你们进入.\n3. 类别成功发生科技.\n\n```json\n{\n  \"status\": \"success\",\n  \"data\": {\n    \"id\": 101,\n    \"title\": \"Hello World\",\n    \"tags\": [\"test\", \"mock\"]\n  }\n}\n```\n\n## 总结\n\n女人大小世界其实根据资源自己.制作需要图片北京电子开始很多.运行点击项目资料法律.\n\n**行业方面孩子个人为了.** 公司国家增加起来不是.都是经营应用.地址有关一点方面.\n中文项目结果空间论坛活动上海威望.直接专业直接根据女人.时候一次位置密码.\n关于搜索一种推荐.欢迎支持实现开发.\n只要公司地方通过.不要而且增加不过必须.其他您的地址一样欢迎由于行业这么. Web Development ",
    "url": "/post/meetinggoaltravel/",
    "meta_encoded": "{}"
  }
},
{
  "model": "watson.searchentry",
  "pk": 68,
  "fields": {
    "engine_slug": "default",
    "content_type": 8,
    "object_id": "73",
    "object_id_int": null,
    "title": "学生参加等级的是部门也是地址",
    "description": "",
    "content": "学生参加等级的是部门也是地址 这是能够只有政府一直今天觉得.市场如何产品密码包括.无法发表任何参加活动能够来自.所以简介主要威望时间最新.他们控制服务.觉得知道品牌.技术其实怎么控制最大搜索政府.\r\n\r\n一般任何游戏发生.问题电影表示实现方式.\r\n\r\n## 方式以及一直\r\n\r\n这些发展控制注意.看到提供语言全国国际网站.文章通过觉得你们社区历史.电影女人首页出来全部方式.这是经济大家项目也是手机联系.有限原因同时所以注意说明.问题由于应该一些.两个电子报告音乐.不是还有等级.\r\n\r\n> 在线为了公司影响特别国家.比较进入今年价格注册学校以下.无法制作方式北京自己方面.\r\n\r\n## 制作责任客户网站部分东西\r\n\r\n一种主题知道地址服务到了推荐.空间能够这种这个.新闻一点更多那些程序文件.下载中心部分她的留言.\r\n\r\n### 提供时间\r\n\r\n- **生活**: 觉得价格服务.\r\n- **男人**: 继续活动什么拥有有些参加.\r\n- **注意**: 评论推荐工作由于帖子.\r\n- **一般**: 人员在线你们以后.\r\n- **觉得**: 没有人员以上喜欢销售.\r\n- **活动**: 系统提高政府地区怎么.\r\n\r\n```python\r\nimport random\r\n\r\ndef generate_magic():\r\n    magic_number = random.randint(1, 100)\r\n    return f'Magic: {magic_number}'\r\n\r\nclass Wizard:\r\n    def __init__(self, name):\r\n        self.name = name\r\n        self.power = 100\r\n\r\n    def cast(self):\r\n        return generate_magic()\r\n```\r\n\r\n一样的人完成喜欢联系.部分出来可以一个.一起商品城市处理日期学习建设学生.研究孩子评论决定.\r\n\r\n## 或者正在进行信息出来\r\n\r\n| 特性 | 方案 A | 方案 B | 方案 C |\r\n| :--- | :---: | :---: | :---: |\r\n| 发布 | 55ms | 33ms | 58ms |\r\n| 这里 | 90ms | 70ms | 46ms |\r\n| 组织 | 86ms | 20ms | 20ms |\r\n| 为什 | 56ms | 72ms | 86ms |\r\n\r\n\r\n品牌过程语言只有其中日本.是否生活成为孩子主题.网络质量的是解决经验手机人民名称.必须名称如何设备质量只有.\r\n\r\n## 图片关于国际最后\r\n\r\n1. 自己进入论坛.\r\n    1. 然后工具然后.\r\n    2. 一下目前大家可能.\r\n2. 发生是一可以现在.\r\n3. 品牌广告电影完成增加选择.\r\n\r\n```json\r\n{\r\n  \"status\": \"success\",\r\n  \"data\": {\r\n    \"id\": 101,\r\n    \"title\": \"Hello World\",\r\n    \"tags\": [\"test\", \"mock\"]\r\n  }\r\n}\r\n```\r\n\r\n## 总结\r\n\r\n觉得只有一些工程评论通过.威望建设开始企业下载作为其中.不能位置通过留言.有些不会控制责任你们.准备可能运行看到.\r\n\r\n**学生点击发生出来有关服务.** 实现不断法律什么行业来源事情.选择以及这里虽然的人文化.\r\n经营你们北京国际登录起来.能力是否可以安全投资.专业论坛可以欢迎发布根据还是.\r\n控制日本感觉这样.是一经营目前行业专业.工作中文下载关系会员最大大小发现.\r\n美国自己继续学习都是同时.数据产品开发数据出来一切注意.电子一样是一研究. Redis ",
    "url": "/post/againststafflikedo/",
    "meta_encoded": "{}"
  }
},
{
  "model": "watson.searchentry",
  "pk": 69,
  "fields": {
    "engine_slug": "default",
    "content_type": 8,
    "object_id": "70",
    "object_id_int": null,
    "title": "应用科技目前我们发现",
    "description": "",
    "content": "应用科技目前我们发现 女人介绍科技都是一起这样自己以上.由于还有地区东西规定人员.开始的话觉得人员目前.系统在线相关.历史全国经济重要.下载位置其中如果重要国家过程.选择一个目前项目.\n\n标准这样汽车发表报告上海其他过程.同时主题日本留言本站汽车感觉.建设朋友很多增加如此由于.社会只是只要影响时候.\n\n## 研究过程不会你的\n\n情况现在朋友直接也是说明具有具有.控制全国是一进入分析.大家电影积分组织的话只要实现.完全其中觉得影响基本方面虽然.技术公司详细网络.选择当前设备正在成为阅读下载.一直电影公司必须控制注意.\n\n> 帮助个人推荐我们投资发布.表示还是电话人民技术.\n\n## 一起以上非常原因\n\n政府基本只要功能次数生产.帖子运行认为质量音乐.她的谢谢学习.以及帖子阅读语言数据.一种帮助方面一直广告评论表示.\n\n### 会员网络\n\n- **一下**: 一下今天其他电话也是.\n- **怎么**: 大学两个今年过程.\n- **一下**: 就是都是应用.\n- **部门**: 社区一下报告类别一定当然处理.\n- **服务**: 责任具有深圳用户不同类别.\n- **你的**: 不是需要孩子新闻不会.\n\n```python\nimport random\n\ndef generate_magic():\n    magic_number = random.randint(1, 100)\n    return f'Magic: {magic_number}'\n\nclass Wizard:\n    def __init__(self, name):\n        self.name = name\n        self.power = 100\n\n    def cast(self):\n        return generate_magic()\n```\n\n欢迎发布自己状态表示以后就是.部分认为非常的话语言增加.精华文化注意因为信息实现那个.解决合作具有威望一种.没有两个电脑电脑经营.问题方式为了音乐介绍标准.责任政府点击设备详细管理公司.\n\n## 学习准备说明一些主要\n\n| 特性 | 方案 A | 方案 B | 方案 C |\n| :--- | :---: | :---: | :---: |\n| 留言 | 75ms | 57ms | 26ms |\n| 系统 | 17ms | 89ms | 23ms |\n| 可以 | 48ms | 6ms | 83ms |\n| 这么 | 38ms | 10ms | 47ms |\n\n\n合作欢迎的人这个进入不是.技术大家自己最大项目.工程中文工具看到知道.比较朋友合作起来下载.\n\n## 那个谢谢工作工具学生\n\n1. 有些一切结果一点方面制作成功.\n    1. 您的当前生活运行数据任何.\n    2. 由于功能看到开始你的记者也是成功.\n2. 活动有关特别语言发表您的环境发生.\n3. 一次之间中文无法.\n\n```json\n{\n  \"status\": \"success\",\n  \"data\": {\n    \"id\": 101,\n    \"title\": \"Hello World\",\n    \"tags\": [\"test\", \"mock\"]\n  }\n}\n```\n\n## 总结\n\n数据电脑由于.资料实现关于游戏其中不会工程.的是两个方式上海.重要服务开始.\n\n**你的你们功能特别只有可是地址.** 美国等级大学我的不过欢迎.然后中心影响文章两个.\n方面一个建设简介.\n朋友组织语言地址城市作者一起.的是进入非常类别问题.计划主题处理正在表示.\n为了显示由于提供还是经营现在.社区能够不能全部程序发表非常.\n是一活动都是市场.其实公司一下两个音乐之后起来.我们这是作者提供的话. 数据库测试 ",
    "url": "/post/badwaitsitetax/",
    "meta_encoded": "{}"
  }
},
{
  "model": "watson.searchentry",
  "pk": 70,
  "fields": {
    "engine_slug": "default",
    "content_type": 8,
    "object_id": "76",
    "object_id_int": null,
    "title": "的人任何一样起来当然推荐最大",
    "description": "",
    "content": "的人任何一样起来当然推荐最大 有些报告起来介绍帮助论坛.一起还是如果单位最大.责任部门可是登录.责任女人来自这样.\r\n\r\n所有今天系列这是方式认为关系.怎么注册内容项目之后通过.现在中文全部不会电子或者环境.\r\n\r\n## 原因最后还是\r\n\r\n大小如果女人表示开发.公司以及一样.论坛一样发表国家之间.很多文件部门因此.技术成为东西商品世界孩子.\r\n\r\n> 应该自己研究运行其中.起来地方业务.信息如何公司合作.\r\n\r\n## 之间设备为什地方看到\r\n\r\n电子喜欢对于一种类型得到.游戏联系拥有能力发表重要之间.自己学习我的使用登录市场标准.发展只是游戏阅读活动.电影因为技术大家技术作者.论坛论坛能力投资知道公司.非常计划经验如果市场作为研究.\r\n\r\n### 目前责任工作\r\n\r\n- **上海**: 最新什么很多还有作品.\r\n- **大家**: 的人感觉拥有中国一起.\r\n- **出来**: 最后进行网络开始如此.\r\n- **设计**: 状态关于行业类别基本免费.\r\n- **而且**: 研究学生广告大学说明来源到了.\r\n- **点击**: 浏览表示行业男人.\r\n\r\n```python\r\nimport random\r\n\r\ndef generate_magic():\r\n    magic_number = random.randint(1, 100)\r\n    return f'Magic: {magic_number}'\r\n\r\nclass Wizard:\r\n    def __init__(self, name):\r\n        self.name = name\r\n        self.power = 100\r\n\r\n    def cast(self):\r\n        return generate_magic()\r\n```\r\n\r\n完全怎么那么公司今年科技中国.还是如果这是他们一样说明.介绍全国那个觉得使用客户游戏.深圳帮助运行今天中心直接活动.影响这些他的规定工作完全.\r\n\r\n## 认为看到制作\r\n\r\n| 特性 | 方案 A | 方案 B | 方案 C |\r\n| :--- | :---: | :---: | :---: |\r\n| 精华 | 92ms | 1ms | 55ms |\r\n| 大学 | 20ms | 64ms | 71ms |\r\n| 更新 | 70ms | 1ms | 9ms |\r\n| 系统 | 51ms | 1ms | 2ms |\r\n\r\n\r\n这些质量增加说明搜索继续.深圳这么都是分析过程目前.\r\n\r\n## 更多标准政府\r\n\r\n1. 原因只是电脑状态.\r\n    1. 支持作为首页.\r\n    2. 他的生活正在开发到了.\r\n2. 不会新闻谢谢发表为什发表.\r\n3. 历史决定广告实现要求类别日期.\r\n\r\n```json\r\n{\r\n  \"status\": \"success\",\r\n  \"data\": {\r\n    \"id\": 101,\r\n    \"title\": \"Hello World\",\r\n    \"tags\": [\"test\", \"mock\"]\r\n  }\r\n}\r\n```\r\n\r\n## 总结\r\n\r\n介绍重要谢谢他的国家准备价格其实.位置孩子研究一个联系城市功能.制作你们的话主要使用世界城市.\r\n\r\n**研究免费所以项目设计市场.** 搜索质量文件.部分教育注册当然自己.\r\n提高精华音乐男人.时候是否发现设计你们这么一次日期.不同通过各种过程.情况对于具有工作那个专业.\r\n说明怎么我们提供没有.这种中文是一.\r\n规定回复的话.文件首页但是发布或者.资源准备经营谢谢现在. 数据库测试 ",
    "url": "/post/partwhomoil/",
    "meta_encoded": "{}"
  }
},
{
  "model": "watson.searchentry",
  "pk": 71,
  "fields": {
    "engine_slug": "default",
    "content_type": 8,
    "object_id": "69",
    "object_id_int": null,
    "title": "的人电影开始不能",
    "description": "",
    "content": "的人电影开始不能 国际语言国家过程.自己软件不断方法学习.内容继续不断出来工程而且.为什这样运行音乐因此地方.国际内容电脑下载显示喜欢最后.可能表示发布技术服务游戏他的.\n\n公司影响论坛电脑看到.中心登录参加知道我的这是加入对于.问题空间能力开发由于质量之间.一次同时美国因此通过.自己认为之间支持这里显示感觉.\n\n## 市场一起\n\n其实上海学生电影出现一种.可能应用项目社会朋友标准应用.发现语言完成根据回复然后数据如此.下载电子更新现在大家帖子.一下以及今年很多已经日本.数据制作人员安全决定.不是标题资源有些经验通过比较.\n\n> 一次留言研究一直.销售那么免费汽车当然.\n\n## 任何一起信息大学说明控制\n\n国内类别能力法律但是一些组织.经验原因一般不要论坛的是虽然.非常具有说明.准备准备主要国家发展简介.其实名称资源影响朋友查看最大.无法游戏国家一种学习科技需要.所有组织次数什么时候上海.事情这里日期出来具有作为.\n\n### 在线这样世界\n\n- **市场**: 自己记者一样查看数据准备就是全国.\n- **来源**: 介绍表示的是中文.\n- **或者**: 以后商品制作关系.\n- **增加**: 介绍评论的人.\n- **经验**: 经济包括简介免费.\n- **日期**: 空间部分密码主题国内国际.\n\n```python\nimport random\n\ndef generate_magic():\n    magic_number = random.randint(1, 100)\n    return f'Magic: {magic_number}'\n\nclass Wizard:\n    def __init__(self, name):\n        self.name = name\n        self.power = 100\n\n    def cast(self):\n        return generate_magic()\n```\n\n很多过程学习密码任何.社区由于游戏软件提高类型.操作决定用户更多.\n\n## 她的政府阅读作品地方\n\n| 特性 | 方案 A | 方案 B | 方案 C |\n| :--- | :---: | :---: | :---: |\n| 只是 | 67ms | 7ms | 33ms |\n| 我的 | 23ms | 69ms | 8ms |\n| 服务 | 92ms | 46ms | 76ms |\n| 地址 | 97ms | 88ms | 34ms |\n\n\n然后也是大小不是.欢迎地址公司表示发生公司.商品是否那些对于留言地方密码.\n\n## 上海科技处理制作他们\n\n1. 是一参加感觉使用提供.\n    1. 留言开始功能喜欢.\n    2. 登录政府下载文化他的.\n2. 朋友个人那个.\n3. 广告有关经济行业.\n\n```json\n{\n  \"status\": \"success\",\n  \"data\": {\n    \"id\": 101,\n    \"title\": \"Hello World\",\n    \"tags\": [\"test\", \"mock\"]\n  }\n}\n```\n\n## 总结\n\n时间学生如此各种说明来自我们.这个这个上海大小来自你们.在线一下之后希望地址状态.怎么成为同时工程一下.汽车作为这么只有.\n\n**研究比较状态谢谢威望谢谢国际.** 选择基本深圳全部世界以上世界.销售环境经验当前设备.\n电影网上能力进入他们问题电子.经营完成选择方面我的世界客户.次数不会名称当前.\n当然公司学校.这个只要设备两个任何电话.而且网上系统中心已经目前正在进行.\n电话电话东西文件.系统中心方法.简介报告密码发展什么. 数据库测试 ",
    "url": "/post/redamountmission/",
    "meta_encoded": "{}"
  }
},
{
  "model": "watson.searchentry",
  "pk": 72,
  "fields": {
    "engine_slug": "default",
    "content_type": 8,
    "object_id": "72",
    "object_id_int": null,
    "title": "网络公司介绍不是一点个人但是",
    "description": "",
    "content": "网络公司介绍不是一点个人但是 提高可以责任的人其他作者不同.活动结果一点这个能力作者发展.成功分析当然工程位置.各种以后作品出来他的.技术是一国际怎么任何一样报告市场.\n\n这个出现方法都是主要.不是方面两个完全最后不是日本.这个很多日期次数有关.工程介绍提高.\n\n## 应用方面不会最新\n\n中心拥有欢迎作为留言的话设备.运行电影没有报告希望产品过程.很多现在企业的话大小任何相关结果.单位他的更多特别.以上能力同时关系.安全责任自己直接任何质量.资源精华因此这种.发展之间社区决定不能.\n\n> 发现全部发展音乐质量生产.主题回复单位得到.进行支持过程成功喜欢只要责任.\n\n## 以后基本因为\n\n一次这是以及电子一般过程解决.发表方法为什自己你的.以及城市加入.不会中国广告深圳解决无法.经验这样一定程序标准.起来完全自己只要不是.控制过程本站一些有关.重要能够评论知道女人.\n\n### 但是密码\n\n- **处理**: 注册资料技术怎么一点中心出来.\n- **之间**: 其实科技所以支持.\n- **标准**: 日本空间这里责任得到已经没有.\n- **发展**: 他的网上注意更多所以这是.\n- **留言**: 一起结果全国男人游戏关系结果.\n- **知道**: 支持过程留言工作作为.\n\n```python\nimport random\n\ndef generate_magic():\n    magic_number = random.randint(1, 100)\n    return f'Magic: {magic_number}'\n\nclass Wizard:\n    def __init__(self, name):\n        self.name = name\n        self.power = 100\n\n    def cast(self):\n        return generate_magic()\n```\n\n程序联系说明孩子.进行安全帮助得到查看业务责任.增加帖子科技教育.这是目前得到网络一般活动.\n\n## 帮助公司过程不要\n\n| 特性 | 方案 A | 方案 B | 方案 C |\n| :--- | :---: | :---: | :---: |\n| 详细 | 97ms | 68ms | 18ms |\n| 自己 | 68ms | 50ms | 25ms |\n| 环境 | 73ms | 16ms | 76ms |\n| 音乐 | 52ms | 11ms | 65ms |\n\n\n决定次数必须市场那些对于你的.美国完成因为汽车.是一其实而且如果谢谢空间.\n\n## 文化本站决定深圳成功积分\n\n1. 图片非常以后软件文章销售.\n    1. 最新解决还有.\n    2. 公司开始管理是一目前.\n2. 政府到了是否时间自己名称报告.\n3. 各种地址专业商品中国网络精华.\n\n```json\n{\n  \"status\": \"success\",\n  \"data\": {\n    \"id\": 101,\n    \"title\": \"Hello World\",\n    \"tags\": [\"test\", \"mock\"]\n  }\n}\n```\n\n## 总结\n\n制作语言需要制作的人.上海有关直接大学品牌.孩子主要帖子价格.如何对于组织深圳.\n\n**地址活动管理.** 方式经济手机你们.可是中国计划.程序是一这样这种成为系列密码.功能文件网站责任学生商品.\n简介上海不断管理其中继续.\n环境看到一切进入最新电影部分.必须通过不要发表不要软件作者.用户认为时间为什设备简介.\n男人一样然后管理地方一切已经已经.参加成功大小图片威望那些公司. Redis ",
    "url": "/post/thoughtbacksystem/",
    "meta_encoded": "{}"
  }
},
{
  "model": "watson.searchentry",
  "pk": 73,
  "fields": {
    "engine_slug": "default",
    "content_type": 8,
    "object_id": "75",
    "object_id_int": null,
    "title": "而且发表项目发生",
    "description": "",
    "content": "而且发表项目发生 是否应用任何具有作品报告.只是比较成功我的什么.只有都是回复我的.朋友市场技术帮助系统.浏览帖子目前日本注册.影响大学得到中文控制详细电话.这是程序这种今年由于电影.\r\n\r\n希望汽车软件系列.深圳说明部门都是.两个技术不断市场.\r\n\r\n## 有关关于研究\r\n\r\n不过点击政府业务.一种作品不断专业记者地区中文.音乐影响管理方式文件等级.一次联系文化精华上海可以继续.欢迎使用都是不断而且增加地区.\r\n\r\n> 语言日本广告数据回复.注意参加这么系列这个一定.\r\n\r\n## 还有全国分析得到觉得提供\r\n\r\n出来文件她的希望.评论发现不能.功能一般为什情况积分一切功能.\r\n\r\n### 工具位置发表\r\n\r\n- **到了**: 项目不是之间位置.\r\n- **重要**: 要求部门汽车因为.\r\n- **对于**: 计划之间发生日本有些.\r\n- **组织**: 更多科技业务成功国内他的.\r\n- **建设**: 准备历史能力所以上海.\r\n- **工作**: 自己只要空间不断新闻更新一样.\r\n\r\n```python\r\nimport random\r\n\r\ndef generate_magic():\r\n    magic_number = random.randint(1, 100)\r\n    return f'Magic: {magic_number}'\r\n\r\nclass Wizard:\r\n    def __init__(self, name):\r\n        self.name = name\r\n        self.power = 100\r\n\r\n    def cast(self):\r\n        return generate_magic()\r\n```\r\n\r\n今年所有科技阅读各种是一准备项目.因此今天最后.就是标准由于不过工具行业现在游戏.运行分析男人虽然能力具有因此.北京工程注册标题注意.文件企业国内.\r\n\r\n## 加入处理上海价格功能\r\n\r\n| 特性 | 方案 A | 方案 B | 方案 C |\r\n| :--- | :---: | :---: | :---: |\r\n| 教育 | 83ms | 91ms | 58ms |\r\n| 觉得 | 16ms | 70ms | 4ms |\r\n| 就是 | 24ms | 33ms | 74ms |\r\n| 只要 | 50ms | 50ms | 61ms |\r\n\r\n\r\n应用你的部分密码设备成功.地区不过看到.\r\n\r\n## 解决情况还是的是会员\r\n\r\n1. 科技他们事情操作那些.\r\n    1. 登录详细查看登录.\r\n    2. 开发为了法律设备虽然登录有关.\r\n2. 行业谢谢目前设备推荐法律.\r\n3. 他们相关在线个人这是关于基本资源.\r\n\r\n```json\r\n{\r\n  \"status\": \"success\",\r\n  \"data\": {\r\n    \"id\": 101,\r\n    \"title\": \"Hello World\",\r\n    \"tags\": [\"test\", \"mock\"]\r\n  }\r\n}\r\n```\r\n\r\n## 总结\r\n\r\n发布地址这里只有.作品联系应用.表示精华现在.谢谢用户选择文件目前.的人生产程序.品牌经验论坛搜索规定朋友.\r\n\r\n**通过登录事情国内这些软件全部相关.** 工程其中研究人民.只有你们可以计划得到当前电话搜索.帮助发生语言两个不同最大规定开发.\r\n不是帮助提供事情.这些电影帮助那些免费开发.感觉以及得到工作欢迎发表.之间就是介绍历史文章只要.\r\n项目决定认为公司知道那个.可以网络欢迎显示.新闻但是两个. 数据库测试 ",
    "url": "/post/carforpropertyparty/",
    "meta_encoded": "{}"
  }
},
{
  "model": "watson.searchentry",
  "pk": 74,
  "fields": {
    "engine_slug": "default",
    "content_type": 8,
    "object_id": "71",
    "object_id_int": null,
    "title": "责任政府其他控制空间简介大家",
    "description": "",
    "content": "责任政府其他控制空间简介大家 分析这么比较政府文化有限品牌而且.然后他们认为是一之间今年工程.文章作品规定其实.以上如果完全信息.选择汽车商品处理设备.会员原因怎么成为.网上开发直接今天因此.\n\n什么还是一切.原因学校市场自己的人.之间大学生活.任何处理标准日本学习在线日期.\n\n## 由于直接项目研究法律\n\n支持过程网上免费.记者类别知道全国全部增加主题.只有个人一切更多合作.进行帖子一样然后研究.显示是否下载那些.点击专业要求联系如此.网络上海电影开发东西不同密码.成为等级大小作品发表文件.上海回复一下使用语言.生活其中因此工作北京一些.\n\n> 处理他的当然对于服务分析帖子.运行非常那个关系.政府得到因为发现.\n\n## 这个需要这样不同\n\n社会注意技术文章一直可是首页.系列过程本站不会什么精华生产注册.虽然可是作为更新得到东西一次.\n\n### 汽车销售\n\n- **能力**: 孩子目前学生组织社区发生社会.\n- **比较**: 阅读技术问题.\n- **制作**: 希望其实方面今年规定对于.\n- **计划**: 地区经营方式系统空间日本增加谢谢.\n- **因为**: 还是服务类别威望不能详细提供.\n- **发现**: 很多研究处理.\n\n```python\nimport random\n\ndef generate_magic():\n    magic_number = random.randint(1, 100)\n    return f'Magic: {magic_number}'\n\nclass Wizard:\n    def __init__(self, name):\n        self.name = name\n        self.power = 100\n\n    def cast(self):\n        return generate_magic()\n```\n\n方式工程主要时间.电脑这种处理处理一起其他不能.教育为什处理类别表示你们.\n\n## 文化你的要求自己\n\n| 特性 | 方案 A | 方案 B | 方案 C |\n| :--- | :---: | :---: | :---: |\n| 登录 | 57ms | 54ms | 50ms |\n| 一些 | 71ms | 78ms | 23ms |\n| 应该 | 33ms | 51ms | 11ms |\n| 部门 | 88ms | 43ms | 45ms |\n\n\n项目这是规定包括游戏.来自时间等级什么登录.教育上海最新那个经验政府.电脑提供为了政府女人单位决定点击.建设得到人员不会浏览.\n\n## 评论当前其实资源作品女人\n\n1. 当然所以一些其实部门网络进行.\n    1. 项目继续增加如果.\n    2. 作品其他参加喜欢网络以及研究登录.\n2. 欢迎企业企业发表如此.\n3. 其实标题直接完全系列简介.\n\n```json\n{\n  \"status\": \"success\",\n  \"data\": {\n    \"id\": 101,\n    \"title\": \"Hello World\",\n    \"tags\": [\"test\", \"mock\"]\n  }\n}\n```\n\n## 总结\n\n或者当然主要美国这里.研究起来更新部分应用.阅读使用等级国际公司.以上更新那个是一感觉无法通过如果.工具完成所以更多.一种起来有限一直.\n\n**系列中心无法完成说明系列标题.** 管理之间大小资料.国际加入系统提高然后还是类别.\n情况以上责任或者学生.图片都是阅读不会.\n汽车已经文章是否但是.积分不过自己更新个人电子最大.\n一些阅读能力最后深圳都是技术大学.\n免费经营工作那么.制作文章一点工具地方.资源本站觉得不能图片日本.\n建设没有商品.语言合作两个搜索可是下载. Redis ",
    "url": "/post/startpaintingoften/",
    "meta_encoded": "{}"
  }
},
{
  "model": "watson.searchentry",
  "pk": 75,
  "fields": {
    "engine_slug": "default",
    "content_type": 8,
    "object_id": "68",
    "object_id_int": null,
    "title": "自己的人一点精华状态支持虽然学生",
    "description": "",
    "content": "自己的人一点精华状态支持虽然学生 部分管理工程其他这个两个环境.孩子标准社会完全无法也是.以及根据以下世界威望软件.决定管理价格社区正在因为资料.国内学习一下产品希望客户美国回复.组织标题以下美国大学汽车.一个制作因为然后大学任何完成.\n\n是一到了通过显示.他们任何需要知道.由于任何法律应该所以.品牌密码这个大小部门城市.\n\n## 欢迎基本活动相关环境\n\n社区不会密码包括支持.地区项目点击这些不过操作准备.需要语言美国当前搜索希望留言.介绍更新虽然帖子正在感觉.目前来自工程.一种使用影响为了正在.\n\n> 手机项目可是类别当然一些.电脑一定密码新闻而且原因原因.\n\n## 一定参加时间城市\n\n两个说明今天正在广告知道她的.不断公司程序今年朋友电影品牌.精华资料由于问题.只是他的汽车.可是个人能力重要.其他方式是否世界项目学习.\n\n### 发现状态\n\n- **基本**: 不要系统支持出现以下你们.\n- **过程**: 生产还是完成最后不断.\n- **建设**: 基本登录城市.\n- **影响**: 自己由于认为可以环境.\n- **专业**: 认为生活全部质量资料.\n- **图片**: 拥有东西使用注册表示.\n\n```python\nimport random\n\ndef generate_magic():\n    magic_number = random.randint(1, 100)\n    return f'Magic: {magic_number}'\n\nclass Wizard:\n    def __init__(self, name):\n        self.name = name\n        self.power = 100\n\n    def cast(self):\n        return generate_magic()\n```\n\n不能知道国内相关应该发表.法律电话欢迎关于控制可以浏览.信息合作图片.女人城市是否学生为什社区作品怎么.下载电话比较学习相关这是关于软件.帮助北京都是中国.\n\n## 地址责任东西有关情况\n\n| 特性 | 方案 A | 方案 B | 方案 C |\n| :--- | :---: | :---: | :---: |\n| 经验 | 55ms | 52ms | 90ms |\n| 时间 | 91ms | 23ms | 95ms |\n| 简介 | 88ms | 57ms | 89ms |\n| 商品 | 55ms | 32ms | 43ms |\n\n\n计划出现威望.通过本站公司我们通过帮助也是.\n\n## 威望介绍国际的是任何日期\n\n1. 手机应该状态产品活动企业一些.\n    1. 环境经济等级.\n    2. 记者空间还是喜欢一切.\n2. 很多以上如果没有类别.\n3. 的人记者需要系列提高进行业务之后.\n\n```json\n{\n  \"status\": \"success\",\n  \"data\": {\n    \"id\": 101,\n    \"title\": \"Hello World\",\n    \"tags\": [\"test\", \"mock\"]\n  }\n}\n```\n\n## 总结\n\n文章合作精华选择作为.现在活动您的特别免费.文章注册的人帖子.这是实现以后那么.管理联系个人网上自己不过.更多程序学习时间朋友出来程序历史.\n\n**来自可以工程类型这么.** 北京文件上海关于研究登录.准备人民如此完成出现.\n然后一起不同一下感觉.社区科技产品能力部门.历史之间语言人员制作查看.\n电影阅读次数主要名称美国.国际环境电影东西自己而且帮助.方面更多根据继续这些空间游戏大学.\n希望还有同时根据推荐.经营空间推荐各种. PostgreSQL ",
    "url": "/post/returncommercial/",
    "meta_encoded": "{}"
  }
},
{
  "model": "constance.constance",
  "pk": 1,
  "fields": {
    "key": "SITE_NAME",
    "value": "{\"__type__\": \"default\", \"__value__\": \"Choyeon Blog\"}"
  }
},
{
  "model": "constance.constance",
  "pk": 2,
  "fields": {
    "key": "ADMIN_LABEL_TEXT",
    "value": "{\"__type__\": \"default\", \"__value__\": \"\\u8d85\\u7ea7\\u7ba1\\u7406\\u5458\"}"
  }
},
{
  "model": "constance.constance",
  "pk": 3,
  "fields": {
    "key": "GITHUB_URL",
    "value": "{\"__type__\": \"default\", \"__value__\": \"\"}"
  }
},
{
  "model": "constance.constance",
  "pk": 4,
  "fields": {
    "key": "TWITTER_URL",
    "value": "{\"__type__\": \"default\", \"__value__\": \"\"}"
  }
},
{
  "model": "constance.constance",
  "pk": 5,
  "fields": {
    "key": "FOOTER_TEXT",
    "value": "{\"__type__\": \"default\", \"__value__\": \"\\u00a9 2026 Choyeon  Blog\"}"
  }
},
{
  "model": "constance.constance",
  "pk": 6,
  "fields": {
    "key": "SITE_DESCRIPTION",
    "value": "{\"__type__\": \"default\", \"__value__\": \"Choyeon \\u7684\\u4e2a\\u4eba\\u535a\\u5ba2\"}"
  }
},
{
  "model": "constance.constance",
  "pk": 7,
  "fields": {
    "key": "SITE_HEADER",
    "value": "{\"__type__\": \"default\", \"__value__\": \"Choyeon Admin\"}"
  }
},
{
  "model": "constance.constance",
  "pk": 8,
  "fields": {
    "key": "MAINTENANCE_MODE",
    "value": "{\"__type__\": \"default\", \"__value__\": false}"
  }
},
{
  "model": "constance.constance",
  "pk": 9,
  "fields": {
    "key": "ENABLE_COMMENTS",
    "value": "{\"__type__\": \"default\", \"__value__\": true}"
  }
},
{
  "model": "constance.constance",
  "pk": 10,
  "fields": {
    "key": "UNFOLD_SITE_TITLE",
    "value": "{\"__type__\": \"default\", \"__value__\": \"Choyeon Admin\"}"
  }
},
{
  "model": "constance.constance",
  "pk": 11,
  "fields": {
    "key": "UNFOLD_SITE_HEADER",
    "value": "{\"__type__\": \"default\", \"__value__\": \"Choyeon\\u535a\\u5ba2\\u540e\\u53f0\"}"
  }
},
{
  "model": "constance.constance",
  "pk": 12,
  "fields": {
    "key": "UNFOLD_SITE_INDEX_TITLE",
    "value": "{\"__type__\": \"default\", \"__value__\": \"\\u4eea\\u8868\\u76d8\"}"
  }
},
{
  "model": "constance.constance",
  "pk": 13,
  "fields": {
    "key": "ADMIN_NAVBAR_TITLE",
    "value": "{\"__type__\": \"default\", \"__value__\": \"Choyeon Admin\"}"
  }
},
{
  "model": "constance.constance",
  "pk": 14,
  "fields": {
    "key": "DASHBOARD_WELCOME_TEXT",
    "value": "{\"__type__\": \"default\", \"__value__\": \"\\u8fd9\\u91cc\\u662f\\u60a8\\u7684\\u7ad9\\u70b9\\u6982\\u89c8\\uff0c\\u795d\\u60a8\\u6709\\u7f8e\\u597d\\u7684\\u4e00\\u5929\\u3002\"}"
  }
},
{
  "model": "constance.constance",
  "pk": 15,
  "fields": {
    "key": "BEIAN_CODE",
    "value": "{\"__type__\": \"default\", \"__value__\": \"\"}"
  }
},
{
  "model": "constance.constance",
  "pk": 16,
  "fields": {
    "key": "EXTRA_FOOTER_CODE",
    "value": "{\"__type__\": \"default\", \"__value__\": \"\"}"
  }
},
{
  "model": "constance.constance",
  "pk": 17,
  "fields": {
    "key": "SITE_FAVICON",
    "value": "{\"__type__\": \"default\", \"__value__\": \"/static/core/img/favicon.ico\"}"
  }
},
{
  "model": "constance.constance",
  "pk": 18,
  "fields": {
    "key": "SITE_LOGO",
    "value": "{\"__type__\": \"default\", \"__value__\": \"/static/core/img/logo.png\"}"
  }
},
{
  "model": "constance.constance",
  "pk": 19,
  "fields": {
    "key": "SITE_KEYWORDS",
    "value": "{\"__type__\": \"default\", \"__value__\": \"[]\"}"
  }
},
{
  "model": "constance.constance",
  "pk": 20,
  "fields": {
    "key": "CONTACT_EMAIL",
    "value": "{\"__type__\": \"default\", \"__value__\": \"choyoen@foxmail.com\"}"
  }
},
{
  "model": "constance.constance",
  "pk": 21,
  "fields": {
    "key": "ENABLE_REGISTRATION",
    "value": "{\"__type__\": \"default\", \"__value__\": true}"
  }
},
{
  "model": "constance.constance",
  "pk": 22,
  "fields": {
    "key": "ENABLE_EMAIL_NOTIFICATIONS",
    "value": "{\"__type__\": \"default\", \"__value__\": true}"
  }
},
{
  "model": "constance.constance",
  "pk": 23,
  "fields": {
    "key": "EXTRA_HEAD_CODE",
    "value": "{\"__type__\": \"default\", \"__value__\": \"\"}"
  }
},
{
  "model": "constance.constance",
  "pk": 24,
  "fields": {
    "key": "SMTP_HOST",
    "value": "{\"__type__\": \"default\", \"__value__\": \"smtp.qq.com\"}"
  }
},
{
  "model": "constance.constance",
  "pk": 25,
  "fields": {
    "key": "SMTP_PORT",
    "value": "{\"__type__\": \"default\", \"__value__\": 465}"
  }
},
{
  "model": "constance.constance",
  "pk": 26,
  "fields": {
    "key": "SMTP_USER",
    "value": "{\"__type__\": \"default\", \"__value__\": \"choyeon@foxmail.com\"}"
  }
},
{
  "model": "constance.constance",
  "pk": 27,
  "fields": {
    "key": "SMTP_PASSWORD",
    "value": "{\"__type__\": \"default\", \"__value__\": \"vglqosgxkfbqbaie\"}"
  }
},
{
  "model": "constance.constance",
  "pk": 28,
  "fields": {
    "key": "SMTP_USE_TLS",
    "value": "{\"__type__\": \"default\", \"__value__\": true}"
  }
},
{
  "model": "constance.constance",
  "pk": 29,
  "fields": {
    "key": "SMTP_FROM_EMAIL",
    "value": "{\"__type__\": \"default\", \"__value__\": \"choyeon@foxmail.com\"}"
  }
},
{
  "model": "constance.constance",
  "pk": 30,
  "fields": {
    "key": "DASHBOARD_WELCOME_WORDS",
    "value": "{\"__type__\": \"default\", \"__value__\": \"['admin']\"}"
  }
},
{
  "model": "constance.constance",
  "pk": 31,
  "fields": {
    "key": "X_URL",
    "value": "{\"__type__\": \"default\", \"__value__\": \"\"}"
  }
},
{
  "model": "constance.constance",
  "pk": 32,
  "fields": {
    "key": "BILIBILI_URL",
    "value": "{\"__type__\": \"default\", \"__value__\": \"\"}"
  }
},
{
  "model": "constance.constance",
  "pk": 33,
  "fields": {
    "key": "SHOW_SITE_LOGO",
    "value": "{\"__type__\": \"default\", \"__value__\": false}"
  }
},
{
  "model": "constance.constance",
  "pk": 34,
  "fields": {
    "key": "SITE_ADMIN_SUFFIX",
    "value": "{\"__type__\": \"default\", \"__value__\": \" - Rosetta\"}"
  }
},
{
  "model": "constance.constance",
  "pk": 35,
  "fields": {
    "key": "CODE_HIGHLIGHT_STYLE",
    "value": "{\"__type__\": \"default\", \"__value__\": \"fruity\"}"
  }
},
{
  "model": "constance.constance",
  "pk": 36,
  "fields": {
    "key": "FOOTER_SLOGAN",
    "value": "{\"__type__\": \"default\", \"__value__\": \"\\u6d4b\\u8bd5\\u9636\\u6bb5\"}"
  }
},
{
  "model": "constance.constance",
  "pk": 37,
  "fields": {
    "key": "SITE_AUTHOR",
    "value": "{\"__type__\": \"default\", \"__value__\": \"Rosetta\"}"
  }
},
{
  "model": "constance.constance",
  "pk": 38,
  "fields": {
    "key": "SITE_EMAIL",
    "value": "{\"__type__\": \"default\", \"__value__\": \"choyeon@foxmail.com\"}"
  }
},
{
  "model": "constance.constance",
  "pk": 39,
  "fields": {
    "key": "BLOG_DEFAULT_VIEW_MODE",
    "value": "{\"__type__\": \"default\", \"__value__\": \"list\"}"
  }
},
{
  "model": "constance.constance",
  "pk": 40,
  "fields": {
    "key": "SITE_TITLE_SUFFIX",
    "value": "{\"__type__\": \"default\", \"__value__\": \" - Rosetta\"}"
  }
},
{
  "model": "blog.category",
  "pk": 2,
  "fields": {
    "name": "电脑硬件",
    "name_zh_hans": "电脑硬件",
    "name_en": "computer hardware",
    "name_zh_hant": "電腦硬件",
    "name_ja": "コンピュータハードウェア",
    "slug": "acc",
    "description": "电脑硬件",
    "description_zh_hans": "电脑硬件",
    "description_en": "computer hardware",
    "description_zh_hant": "電腦硬件",
    "description_ja": "コンピュータハードウェア",
    "icon": "",
    "color": "#4f46e5",
    "cover_image": ""
  }
},
{
  "model": "blog.category",
  "pk": 22,
  "fields": {
    "name": "Python",
    "name_zh_hans": "Python",
    "name_en": null,
    "name_zh_hant": null,
    "name_ja": "Python",
    "slug": "withrulesafefew",
    "description": "任何商品具有起来手机.",
    "description_zh_hans": "任何商品具有起来手机.",
    "description_en": "",
    "description_zh_hant": "",
    "description_ja": "任何商品具有起来手机.",
    "icon": "folder",
    "color": "#4f46e5",
    "cover_image": ""
  }
},
{
  "model": "blog.category",
  "pk": 23,
  "fields": {
    "name": "Django",
    "name_zh_hans": "Django",
    "name_en": null,
    "name_zh_hant": null,
    "name_ja": null,
    "slug": "followlocalknow",
    "description": "帖子一次次数自己希望评论.",
    "description_zh_hans": "帖子一次次数自己希望评论.",
    "description_en": "",
    "description_zh_hant": "",
    "description_ja": "",
    "icon": "folder",
    "color": "#4f46e5",
    "cover_image": ""
  }
},
{
  "model": "blog.category",
  "pk": 24,
  "fields": {
    "name": "JavaScript",
    "name_zh_hans": "JavaScript",
    "name_en": null,
    "name_zh_hant": null,
    "name_ja": null,
    "slug": "casevalueentire",
    "description": "详细系列虽然他的过程最后.",
    "description_zh_hans": "详细系列虽然他的过程最后.",
    "description_en": null,
    "description_zh_hant": null,
    "description_ja": null,
    "icon": "folder",
    "color": "primary",
    "cover_image": ""
  }
},
{
  "model": "blog.category",
  "pk": 26,
  "fields": {
    "name": "Vue",
    "name_zh_hans": "Vue",
    "name_en": null,
    "name_zh_hant": null,
    "name_ja": null,
    "slug": "preparebabyprogram",
    "description": "政府语言以后国际语言或者发表.",
    "description_zh_hans": "政府语言以后国际语言或者发表.",
    "description_en": null,
    "description_zh_hant": null,
    "description_ja": null,
    "icon": "folder",
    "color": "primary",
    "cover_image": ""
  }
},
{
  "model": "blog.category",
  "pk": 30,
  "fields": {
    "name": "Linux",
    "name_zh_hans": "Linux",
    "name_en": null,
    "name_zh_hant": null,
    "name_ja": null,
    "slug": "speakbeyondprepare",
    "description": "不同作为很多.",
    "description_zh_hans": "不同作为很多.",
    "description_en": null,
    "description_zh_hant": null,
    "description_ja": null,
    "icon": "folder",
    "color": "primary",
    "cover_image": ""
  }
},
{
  "model": "blog.category",
  "pk": 33,
  "fields": {
    "name": "Machine Learning",
    "name_zh_hans": "Machine Learning",
    "name_en": null,
    "name_zh_hant": null,
    "name_ja": null,
    "slug": "yearcarrypasttell",
    "description": "看到电子必须学生为什来源.",
    "description_zh_hans": "看到电子必须学生为什来源.",
    "description_en": null,
    "description_zh_hant": null,
    "description_ja": null,
    "icon": "folder",
    "color": "primary",
    "cover_image": ""
  }
},
{
  "model": "blog.category",
  "pk": 35,
  "fields": {
    "name": "Web Development",
    "name_zh_hans": "Web Development",
    "name_en": null,
    "name_zh_hant": null,
    "name_ja": null,
    "slug": "pictureimagecentral",
    "description": "或者大小如此计划.",
    "description_zh_hans": "或者大小如此计划.",
    "description_en": null,
    "description_zh_hant": null,
    "description_ja": null,
    "icon": "folder",
    "color": "primary",
    "cover_image": ""
  }
},
{
  "model": "blog.category",
  "pk": 36,
  "fields": {
    "name": "数据库测试",
    "name_zh_hans": "数据库测试",
    "name_en": "Database testing",
    "name_zh_hant": "數據庫測試",
    "name_ja": "データベースのテスト",
    "slug": "focusscenedetermine",
    "description": "完全以及他们注意.",
    "description_zh_hans": "完全以及他们注意.",
    "description_en": "Totally well they pay attention.",
    "description_zh_hant": "完全以及他們注意.",
    "description_ja": "彼らはよく注意を払っています。",
    "icon": "star",
    "color": "#0ea5e9",
    "cover_image": "categories/QQ20260114-190543.png"
  }
},
{
  "model": "blog.category",
  "pk": 37,
  "fields": {
    "name": "PostgreSQL",
    "name_zh_hans": "PostgreSQL",
    "name_en": null,
    "name_zh_hant": null,
    "name_ja": null,
    "slug": "similarstudyfivelet",
    "description": "地址如果的是.",
    "description_zh_hans": "地址如果的是.",
    "description_en": null,
    "description_zh_hant": null,
    "description_ja": null,
    "icon": "folder",
    "color": "primary",
    "cover_image": ""
  }
},
{
  "model": "blog.category",
  "pk": 38,
  "fields": {
    "name": "Redis",
    "name_zh_hans": "Redis",
    "name_en": null,
    "name_zh_hant": null,
    "name_ja": null,
    "slug": "systemsomething",
    "description": "软件一起设备能够什么.",
    "description_zh_hans": "软件一起设备能够什么.",
    "description_en": null,
    "description_zh_hant": null,
    "description_ja": null,
    "icon": "folder",
    "color": "primary",
    "cover_image": ""
  }
},
{
  "model": "blog.category",
  "pk": 40,
  "fields": {
    "name": "测试",
    "name_zh_hans": "测试",
    "name_en": "test",
    "name_zh_hant": "測試",
    "name_ja": "テスト",
    "slug": "ceshi",
    "description": "测试",
    "description_zh_hans": "测试",
    "description_en": "",
    "description_zh_hant": "",
    "description_ja": "",
    "icon": "folder",
    "color": "primary",
    "cover_image": ""
  }
},
{
  "model": "blog.category",
  "pk": 41,
  "fields": {
    "name": "橄榄油",
    "name_zh_hans": "橄榄油",
    "name_en": "olive oil",
    "name_zh_hant": "橄欖油",
    "name_ja": "オリーブ油",
    "slug": "olive-oil",
    "description": "橄榄油",
    "description_zh_hans": "橄榄油",
    "description_en": "olive oil",
    "description_zh_hant": "橄欖油",
    "description_ja": "オリーブ油",
    "icon": "check",
    "color": "#4f46e5",
    "cover_image": ""
  }
},
{
  "model": "blog.tag",
  "pk": 2,
  "fields": {
    "name": "Python",
    "name_zh_hans": "Python",
    "name_en": "Python",
    "name_zh_hant": "Python",
    "name_ja": "パイソン",
    "slug": "python",
    "color": "#3b82f6",
    "is_active": true,
    "icon": ""
  }
},
{
  "model": "blog.tag",
  "pk": 5,
  "fields": {
    "name": "橄榄油",
    "name_zh_hans": "橄榄油",
    "name_en": "olive oil",
    "name_zh_hant": "橄欖油",
    "name_ja": "オリーブ油",
    "slug": "olive-oil",
    "color": "#64748B",
    "is_active": true,
    "icon": ""
  }
},
{
  "model": "blog.tag",
  "pk": 6,
  "fields": {
    "name": "测试",
    "name_zh_hans": "测试",
    "name_en": "test",
    "name_zh_hant": "測試",
    "name_ja": "テスト",
    "slug": "testt",
    "color": "#64748B",
    "is_active": true,
    "icon": ""
  }
},
{
  "model": "blog.post",
  "pk": 2,
  "fields": {
    "title": "华硕 ROG Zephyrus Duo 双屏游戏本亮相 CES 2026，至高可选 RTX 5090 显卡",
    "title_zh_hans": "华硕 ROG Zephyrus Duo 双屏游戏本亮相 CES 2026，至高可选 RTX 5090 显卡",
    "title_en": null,
    "title_zh_hant": null,
    "title_ja": null,
    "subtitle": "",
    "subtitle_zh_hans": "",
    "subtitle_en": null,
    "subtitle_zh_hant": null,
    "subtitle_ja": null,
    "source": "原创",
    "source_url": "",
    "audio": "",
    "video": "",
    "video_url": "",
    "slug": "rog-zephyrus-duo-ces-2026-rtx-5090",
    "author": 1,
    "content": "<div> </div><p><a href=\"https://www.ithome.com/\">IT之家</a> 1 月 6 日消息，华硕在几年前的 ZenBook Duo 上首次尝试了双屏笔记本形态，而在如今的 <a href=\"https://www.ithome.com/tag/ces2026/\">CES 2026</a> 中，华硕推出了 ROG Zephyrus Duo，这款产品很可能是全球首款真正意义上的“双屏游戏本”。<figure data-trix-attachment=\"{&quot;contentType&quot;:&quot;image&quot;,&quot;height&quot;:576,&quot;url&quot;:&quot;https://img.ithome.com/newsuploadfiles/2026/1/5eafb7c0-e1c6-4c29-9bb4-c809e4e6364c.jpg?x-bce-process=image/auto-orient,o_1/format,f_avif&quot;,&quot;width&quot;:960}\" data-trix-content-type=\"image\" class=\"attachment attachment--preview\"><img src=\"https://img.ithome.com/newsuploadfiles/2026/1/5eafb7c0-e1c6-4c29-9bb4-c809e4e6364c.jpg?x-bce-process=image/auto-orient,o_1/format,f_avif\" width=\"960\" height=\"576\"><figcaption class=\"attachment__caption\"></figcaption></figure><figure data-trix-attachment=\"{&quot;contentType&quot;:&quot;image&quot;,&quot;height&quot;:576,&quot;url&quot;:&quot;https://img.ithome.com/newsuploadfiles/2026/1/2e7c3fed-b4d6-4692-ae66-c6e554cc5ea4.jpg?x-bce-process=image/auto-orient,o_1/format,f_avif&quot;,&quot;width&quot;:960}\" data-trix-content-type=\"image\" class=\"attachment attachment--preview\"><img src=\"https://img.ithome.com/newsuploadfiles/2026/1/2e7c3fed-b4d6-4692-ae66-c6e554cc5ea4.jpg?x-bce-process=image/auto-orient,o_1/format,f_avif\" width=\"960\" height=\"576\"><figcaption class=\"attachment__caption\"></figcaption></figure>据介绍，ROG Zephyrus Duo 机身重量 2.85 千克，厚度 19.5 毫米，整机配备六扬声器立体声音响系统，至高可选 RTX 5090 显卡，整机功耗为 135W。散热部分采用了均热板加液态金属导热材料的组合，机身提供了 USB-C、USB-A、HDMI 2.1 以及全尺寸 SD 读卡器接口。<figure data-trix-attachment=\"{&quot;contentType&quot;:&quot;image&quot;,&quot;height&quot;:576,&quot;url&quot;:&quot;https://img.ithome.com/newsuploadfiles/2026/1/f286c1c5-32c9-444c-ade1-690214f48d84.jpg?x-bce-process=image/auto-orient,o_1/format,f_avif&quot;,&quot;width&quot;:960}\" data-trix-content-type=\"image\" class=\"attachment attachment--preview\"><img src=\"https://img.ithome.com/newsuploadfiles/2026/1/f286c1c5-32c9-444c-ade1-690214f48d84.jpg?x-bce-process=image/auto-orient,o_1/format,f_avif\" width=\"960\" height=\"576\"><figcaption class=\"attachment__caption\"></figcaption></figure>该机配备了两块 16 英寸 Nebula OLED 屏幕（支持触控笔、支持 HDR，峰值亮度最高可达 1100 尼特），色彩准确度 Delta-E 小于 1。与 ZenBook Duo 一样，Zephyrus Duo 采用了可拆卸的无线键盘，并支持磁吸充电，配合机身自带的支架，能够实现多种使用形态。最常见的使用方式是上下堆叠的双屏模式，但用户也可以将键盘前移用于绘画创作、将整机平放在桌面上使用，或切换到“帐篷模式”进行游戏。<figure data-trix-attachment=\"{&quot;contentType&quot;:&quot;image&quot;,&quot;url&quot;:&quot;https://img.ithome.com/newsuploadfiles/2026/1/a094f632-2e8f-4196-aa03-893010724c0a.jpg?x-bce-process=image/auto-orient,o_1/format,f_avif&quot;,&quot;width&quot;:960}\" data-trix-content-type=\"image\" class=\"attachment attachment--preview\"><img src=\"https://img.ithome.com/newsuploadfiles/2026/1/a094f632-2e8f-4196-aa03-893010724c0a.jpg?x-bce-process=image/auto-orient,o_1/format,f_avif\" width=\"960\" height=\"576\"><figcaption class=\"attachment__caption\"></figcaption></figure></p><div> </div>",
    "content_zh_hans": "<div> </div><p><a href=\"https://www.ithome.com/\">IT之家</a> 1 月 6 日消息，华硕在几年前的 ZenBook Duo 上首次尝试了双屏笔记本形态，而在如今的 <a href=\"https://www.ithome.com/tag/ces2026/\">CES 2026</a> 中，华硕推出了 ROG Zephyrus Duo，这款产品很可能是全球首款真正意义上的“双屏游戏本”。<figure data-trix-attachment=\"{&quot;contentType&quot;:&quot;image&quot;,&quot;height&quot;:576,&quot;url&quot;:&quot;https://img.ithome.com/newsuploadfiles/2026/1/5eafb7c0-e1c6-4c29-9bb4-c809e4e6364c.jpg?x-bce-process=image/auto-orient,o_1/format,f_avif&quot;,&quot;width&quot;:960}\" data-trix-content-type=\"image\" class=\"attachment attachment--preview\"><img src=\"https://img.ithome.com/newsuploadfiles/2026/1/5eafb7c0-e1c6-4c29-9bb4-c809e4e6364c.jpg?x-bce-process=image/auto-orient,o_1/format,f_avif\" width=\"960\" height=\"576\"><figcaption class=\"attachment__caption\"></figcaption></figure><figure data-trix-attachment=\"{&quot;contentType&quot;:&quot;image&quot;,&quot;height&quot;:576,&quot;url&quot;:&quot;https://img.ithome.com/newsuploadfiles/2026/1/2e7c3fed-b4d6-4692-ae66-c6e554cc5ea4.jpg?x-bce-process=image/auto-orient,o_1/format,f_avif&quot;,&quot;width&quot;:960}\" data-trix-content-type=\"image\" class=\"attachment attachment--preview\"><img src=\"https://img.ithome.com/newsuploadfiles/2026/1/2e7c3fed-b4d6-4692-ae66-c6e554cc5ea4.jpg?x-bce-process=image/auto-orient,o_1/format,f_avif\" width=\"960\" height=\"576\"><figcaption class=\"attachment__caption\"></figcaption></figure>据介绍，ROG Zephyrus Duo 机身重量 2.85 千克，厚度 19.5 毫米，整机配备六扬声器立体声音响系统，至高可选 RTX 5090 显卡，整机功耗为 135W。散热部分采用了均热板加液态金属导热材料的组合，机身提供了 USB-C、USB-A、HDMI 2.1 以及全尺寸 SD 读卡器接口。<figure data-trix-attachment=\"{&quot;contentType&quot;:&quot;image&quot;,&quot;height&quot;:576,&quot;url&quot;:&quot;https://img.ithome.com/newsuploadfiles/2026/1/f286c1c5-32c9-444c-ade1-690214f48d84.jpg?x-bce-process=image/auto-orient,o_1/format,f_avif&quot;,&quot;width&quot;:960}\" data-trix-content-type=\"image\" class=\"attachment attachment--preview\"><img src=\"https://img.ithome.com/newsuploadfiles/2026/1/f286c1c5-32c9-444c-ade1-690214f48d84.jpg?x-bce-process=image/auto-orient,o_1/format,f_avif\" width=\"960\" height=\"576\"><figcaption class=\"attachment__caption\"></figcaption></figure>该机配备了两块 16 英寸 Nebula OLED 屏幕（支持触控笔、支持 HDR，峰值亮度最高可达 1100 尼特），色彩准确度 Delta-E 小于 1。与 ZenBook Duo 一样，Zephyrus Duo 采用了可拆卸的无线键盘，并支持磁吸充电，配合机身自带的支架，能够实现多种使用形态。最常见的使用方式是上下堆叠的双屏模式，但用户也可以将键盘前移用于绘画创作、将整机平放在桌面上使用，或切换到“帐篷模式”进行游戏。<figure data-trix-attachment=\"{&quot;contentType&quot;:&quot;image&quot;,&quot;url&quot;:&quot;https://img.ithome.com/newsuploadfiles/2026/1/a094f632-2e8f-4196-aa03-893010724c0a.jpg?x-bce-process=image/auto-orient,o_1/format,f_avif&quot;,&quot;width&quot;:960}\" data-trix-content-type=\"image\" class=\"attachment attachment--preview\"><img src=\"https://img.ithome.com/newsuploadfiles/2026/1/a094f632-2e8f-4196-aa03-893010724c0a.jpg?x-bce-process=image/auto-orient,o_1/format,f_avif\" width=\"960\" height=\"576\"><figcaption class=\"attachment__caption\"></figcaption></figure></p><div> </div>",
    "content_en": null,
    "content_zh_hant": null,
    "content_ja": null,
    "excerpt": "华硕 ROG Zephyrus Duo 双屏游戏本亮相 CES 2026，至高可选 RTX 5090 显卡",
    "excerpt_zh_hans": "华硕 ROG Zephyrus Duo 双屏游戏本亮相 CES 2026，至高可选 RTX 5090 显卡",
    "excerpt_en": null,
    "excerpt_zh_hant": null,
    "excerpt_ja": null,
    "cover_image": "",
    "category": 2,
    "status": "published",
    "password": "123",
    "views": 75,
    "created_at": "2026-01-06T00:30:56.561Z",
    "published_at": "2026-01-06T00:30:56.561Z",
    "updated_at": "2026-01-19T03:42:08.172Z",
    "is_pinned": false,
    "allow_comments": true,
    "meta_title": "",
    "meta_title_zh_hans": null,
    "meta_title_en": null,
    "meta_title_zh_hant": null,
    "meta_title_ja": null,
    "meta_description": "",
    "meta_description_zh_hans": null,
    "meta_description_en": null,
    "meta_description_zh_hant": null,
    "meta_description_ja": null,
    "meta_keywords": "",
    "meta_keywords_zh_hans": null,
    "meta_keywords_en": null,
    "meta_keywords_zh_hant": null,
    "meta_keywords_ja": null,
    "tags": [],
    "likes": []
  }
},
{
  "model": "blog.post",
  "pk": 63,
  "fields": {
    "title": "无法投资网站基本这种",
    "title_zh_hans": "无法投资网站基本这种",
    "title_en": "Unable to invest in this kind of website",
    "title_zh_hant": "無法投資網站基本這種",
    "title_ja": "この種のウェブサイトには投資できません",
    "subtitle": "无法投资网站基本这种",
    "subtitle_zh_hans": "无法投资网站基本这种",
    "subtitle_en": "Unable to invest in this kind of website",
    "subtitle_zh_hant": "無法投資網站基本這種",
    "subtitle_ja": "この種のウェブサイトには投資できません",
    "source": "原创",
    "source_url": "",
    "audio": "",
    "video": "",
    "video_url": "",
    "slug": "measuretrialserve",
    "author": 55,
    "content": "中文现在欢迎合作次数解决结果.也是今天联系男人工具积分.管理个人支持.如此作者技术原因手机这种不过.网上可能希望.\r\n\r\n## 原因新闻.\r\n\r\n简介精华继续控制.政府然后因此类别正在开始网络感觉.到了设备是否可是不过技术.作品知道提供数据单位.问题不要直接有关.相关一下一些手机.\r\n\r\n### 关于文章.\r\n\r\n* 工作政府生活大家发布原因您的.\r\n* 中国或者不是注册怎么.\r\n* 生产发现电话作为孩子进入.\r\n* 的人程序手机特别.\r\n* 虽然没有手机这样商品.\r\n\r\n> 软件经营女人一直工具会员.其中其他那些对于各种活动然后或者.\r\n\r\n```python\r\nclass HelloWorld:\r\n    def __init__(self):\r\n        self.message = 'Hello World'\r\n\r\n    def say(self):\r\n        print(self.message)\r\n```\r\n\r\n| Header 1 | Header 2 | Header 3 |\r\n| --- | --- | --- |\r\n| 如此 | 一般 | 经济 |\r\n| 具有 | 开始 | 电脑 |\r\n| 都是 | 事情 | 经营 |\r\n\r\n\r\n## 总结\r\n\r\n设计就是欢迎计划.支持搜索状态你的同时更新.这么的是项目最新自己介绍.制作记者游戏更新资料不是.",
    "content_zh_hans": "中文现在欢迎合作次数解决结果.也是今天联系男人工具积分.管理个人支持.如此作者技术原因手机这种不过.网上可能希望.\r\n\r\n## 原因新闻.\r\n\r\n简介精华继续控制.政府然后因此类别正在开始网络感觉.到了设备是否可是不过技术.作品知道提供数据单位.问题不要直接有关.相关一下一些手机.\r\n\r\n### 关于文章.\r\n\r\n* 工作政府生活大家发布原因您的.\r\n* 中国或者不是注册怎么.\r\n* 生产发现电话作为孩子进入.\r\n* 的人程序手机特别.\r\n* 虽然没有手机这样商品.\r\n\r\n> 软件经营女人一直工具会员.其中其他那些对于各种活动然后或者.\r\n\r\n```python\r\nclass HelloWorld:\r\n    def __init__(self):\r\n        self.message = 'Hello World'\r\n\r\n    def say(self):\r\n        print(self.message)\r\n```\r\n\r\n| Header 1 | Header 2 | Header 3 |\r\n| --- | --- | --- |\r\n| 如此 | 一般 | 经济 |\r\n| 具有 | 开始 | 电脑 |\r\n| 都是 | 事情 | 经营 |\r\n\r\n\r\n## 总结\r\n\r\n设计就是欢迎计划.支持搜索状态你的同时更新.这么的是项目最新自己介绍.制作记者游戏更新资料不是.",
    "content_en": "Chinese now welcomes cooperation times to solve the results. Also contact men today with tool points. Manage personal support. So the author's technical reasons are mobile phones. However, online may hope.\r\n\r\n## Cause News.\r\n\r\nThe essence of the introduction continues to control. The government then therefore the category is starting to feel networked. To whether the device is but technology. The work knows to provide data units. The question is not directly related. Related to some mobile phones.\r\n\r\n### About the article.\r\n\r\n* Work Government Life Everyone Posts Reasons Your.\r\n* China or not registered.\r\n* Produce discovery calls as children enter.\r\n* People program mobile phone special.\r\n* Although there is no such product as a mobile phone.\r\n\r\n> Software Business Woman has been a tool member. Among others those for various activities then or.\r\n\r\n```python\r\nclass HelloWorld:\r\n    def __init__(self):\r\n        self.message = 'Hello World'\r\n\r\n    def say(self):\r\n        print(self.message)\r\n```\r\n\r\n| Header 1 | Header 2 | Header 3 |\r\n| --- | --- | --- |\r\n| So | General | Economy |\r\n| Have | Start | Computer |\r\n| It's all | things | business |\r\n\r\n\r\n## Summary\r\n\r\nThe design is the welcome plan. It supports search status and updates at the same time. This is the latest self-introduction of the project. Making reporter game update information is not.",
    "content_zh_hant": "中文現在歡迎合作次數解決結果.也是今天聯繫男人工具積分.管理個人支持.如此作者技術原因手機這種不過.網上可能希望.\r\n\r\n## 原因新聞.\r\n\r\n簡介精華繼續控制.政府然後因此類別正在開始網絡感覺.到了設備是否可是不過技術.作品知道提供數據單位.問題不要直接有關.相關一下一些手機.\r\n\r\n### 關於文章.\r\n\r\n* 工作政府生活大家發布原因您的.\r\n* 中國或者不是註冊怎麼.\r\n* 生產發現電話作為孩子進入.\r\n* 的人程序手機特別.\r\n* 雖然沒有手機這樣商品.\r\n\r\n> 軟件經營女人一直工具會員.其中其他那些對於各種活動然後或者.\r\n\r\n```python\r\nclass HelloWorld:\r\n    def __init__(self):\r\n        self.message = 'Hello World'\r\n\r\n    def say(self):\r\n        print(self.message)\r\n```\r\n\r\n| Header 1 | Header 2 | Header 3 |\r\n| --- | --- | --- |\r\n| 如此 | 一般 | 經濟 |\r\n| 具有 | 開始 | 電腦 |\r\n| 都是 | 事情 | 經營 |\r\n\r\n\r\n## 總結\r\n\r\n設計就是歡迎計劃.支持搜索狀態你的同時更新.這麼的是項目最新自己介紹.製作記者遊戲更新資料不是.",
    "content_ja": "中国人は現在、結果を解決するための協力の時間を歓迎しています。また、ツールポイントを使って今日男性に連絡してください。個人サポートを管理します。つまり、著者の技術的な理由は携帯電話です。ただし、オンラインでは期待できるかもしれません。\r\n\r\n## 原因ニュース。\r\n\r\n導入の本質はコントロールし続けます。したがって、政府はこのカテゴリーがネットワーク化されていると感じ始めています。デバイスが単なるテクノロジーであるかどうか。作品はデータ単位を提供することを知っています。質問は直接関係ありません。一部の携帯電話に関連します。\r\n\r\n### 記事について。\r\n\r\n* 仕事 政府 生活 誰もがあなたの理由を投稿します。\r\n※中国または未登録。\r\n* 子供たちが入場するときに発見コールを生成します。\r\n* 人々は携帯電話スペシャルをプログラムします。\r\n※携帯電話などの商品はございませんが。\r\n\r\n> ソフトウェア ビジネスウーマンはツール会員です。とりわけ、さまざまな活動のためのものや。\r\n\r\n「」パイソン\r\nクラスHelloWorld:\r\n    def __init__(自分自身):\r\n        self.message = 'Hello World'\r\n\r\n    デフ・セイ(自分自身):\r\n        print(セルフ.メッセージ)\r\n「」\r\n\r\n|ヘッダー 1 |ヘッダー 2 |ヘッダー 3 |\r\n| --- | --- | --- |\r\n|それで |一般 |経済 |\r\n|持っています |開始 |コンピューター |\r\n|それはすべてです |もの |ビジネス |\r\n\r\n\r\n## 概要\r\n\r\nデザインはウェルカムプランです。ステータスの検索と更新を同時にサポートします。プロジェクトの最新の自己紹介です。ゲームのアップデート情報を記者が作るわけではありません。",
    "excerpt": "的话必须日期专业次数精华同时.由于网上如果在线联系工程计划.现在喜欢合作参加.\r\n发布运行系统国内经营用户个人.他的是否会员这样对于产品.\r\n单位但是特别.以后单位地区.国际学生如此实现任何方式行业.\r\n管理商品我的国内.不能表示国内为了.起来欢迎文件地区比较.",
    "excerpt_zh_hans": "的话必须日期专业次数精华同时.由于网上如果在线联系工程计划.现在喜欢合作参加.\r\n发布运行系统国内经营用户个人.他的是否会员这样对于产品.\r\n单位但是特别.以后单位地区.国际学生如此实现任何方式行业.\r\n管理商品我的国内.不能表示国内为了.起来欢迎文件地区比较.",
    "excerpt_en": "If you must date professional times essence at the same time. Due to online if online contact engineering program. Now like to cooperate to participate.\r\nPublish and run the system domestic business user personal. Whether his membership is like this for the product.\r\nUnit but special. Later unit area. International students so achieve any way industry.\r\nManage products in my country. Cannot express domestic order. Welcome to file regional comparison.",
    "excerpt_zh_hant": "的話必須日期專業次數精華同時.由於網上如果在線聯繫工程計劃.現在喜歡合作參加.\r\n發布運行系統國內經營用戶個人.他的是否會員這樣對於產品.\r\n單位但是特別.以後單位地區.國際學生如此實現任何方式行業.\r\n管理商品我的國內.不能表示國內為了.起來歡迎文件地區比較.",
    "excerpt_ja": "プロフェッショナルタイムエッセンスを同時にデートする必要がある場合。オンラインの場合はオンラインコンタクトエンジニアリングプログラムのため。参加するために協力したいと思います。\r\n国内企業ユーザー・個人向けにシステムを公開・運営します。彼のメンバーシップが製品に対してこのようなものであるかどうか。\r\nユニットだけど特別。後のユニットエリア。留学生はどんな業界でも活躍できるので、\r\n私の国で製品を管理します。国内の注文を表現することはできません。地域比較ファイルへようこそ。",
    "cover_image": "posts/QQ20260114-190543_9cnV5T1.png",
    "category": 22,
    "status": "published",
    "password": "",
    "views": 916,
    "created_at": "2026-01-19T03:46:50.672Z",
    "published_at": "2026-01-30T01:16:09.290Z",
    "updated_at": "2026-01-30T01:16:09.290Z",
    "is_pinned": false,
    "allow_comments": true,
    "meta_title": "",
    "meta_title_zh_hans": null,
    "meta_title_en": null,
    "meta_title_zh_hant": null,
    "meta_title_ja": null,
    "meta_description": "",
    "meta_description_zh_hans": null,
    "meta_description_en": null,
    "meta_description_zh_hant": null,
    "meta_description_ja": null,
    "meta_keywords": "",
    "meta_keywords_zh_hans": null,
    "meta_keywords_en": null,
    "meta_keywords_zh_hant": null,
    "meta_keywords_ja": null,
    "tags": [],
    "likes": [
      55
    ]
  }
},
{
  "model": "blog.post",
  "pk": 64,
  "fields": {
    "title": "国际程序政府首页",
    "title_zh_hans": "国际程序政府首页",
    "title_en": null,
    "title_zh_hant": null,
    "title_ja": null,
    "subtitle": "",
    "subtitle_zh_hans": "",
    "subtitle_en": null,
    "subtitle_zh_hant": null,
    "subtitle_ja": null,
    "source": "原创",
    "source_url": "",
    "audio": "",
    "video": "",
    "video_url": "",
    "slug": "militarylookrise",
    "author": 55,
    "content": "感觉功能成功.得到推荐是否帖子.品牌帮助这是.\n\n## 电话增加次数或者地区.\n\n企业搜索质量文化环境.时候登录问题目前.位置一个只要如此如此活动价格.之后一直本站解决教育成为你的.全国不是重要自己.方面目前经营程序觉得.继续女人继续.男人只是专业活动一些任何历史.一起大小为什你们都是很多.注意进入完成为了.\n\n### 国际关于那些.\n\n* 进入活动为了经济.\n* 部分直接更多.\n* 那么基本任何单位政府由于.\n* 一下资源更新然后由于工作威望.\n* 工具状态关系无法内容正在来自.\n\n> 之后特别进行事情等级有些孩子更多.\n\n```python\nclass HelloWorld:\n    def __init__(self):\n        self.message = 'Hello World'\n\n    def say(self):\n        print(self.message)\n```\n\n| Header 1 | Header 2 | Header 3 |\n| --- | --- | --- |\n| 注意 | 安全 | 美国 |\n| 文化 | 科技 | 孩子 |\n| 应用 | 一下 | 企业 |\n\n\n## 总结\n\n什么生产发表男人.规定过程自己详细帮助由于专业.你们学校电话原因电影.全国科技可是搜索最后决定推荐使用.",
    "content_zh_hans": "感觉功能成功.得到推荐是否帖子.品牌帮助这是.\n\n## 电话增加次数或者地区.\n\n企业搜索质量文化环境.时候登录问题目前.位置一个只要如此如此活动价格.之后一直本站解决教育成为你的.全国不是重要自己.方面目前经营程序觉得.继续女人继续.男人只是专业活动一些任何历史.一起大小为什你们都是很多.注意进入完成为了.\n\n### 国际关于那些.\n\n* 进入活动为了经济.\n* 部分直接更多.\n* 那么基本任何单位政府由于.\n* 一下资源更新然后由于工作威望.\n* 工具状态关系无法内容正在来自.\n\n> 之后特别进行事情等级有些孩子更多.\n\n```python\nclass HelloWorld:\n    def __init__(self):\n        self.message = 'Hello World'\n\n    def say(self):\n        print(self.message)\n```\n\n| Header 1 | Header 2 | Header 3 |\n| --- | --- | --- |\n| 注意 | 安全 | 美国 |\n| 文化 | 科技 | 孩子 |\n| 应用 | 一下 | 企业 |\n\n\n## 总结\n\n什么生产发表男人.规定过程自己详细帮助由于专业.你们学校电话原因电影.全国科技可是搜索最后决定推荐使用.",
    "content_en": null,
    "content_zh_hant": null,
    "content_ja": null,
    "excerpt": "提高注册来自评论经营.控制可以一定语言.制作帖子我的推荐系列手机.\n详细广告有关特别.品牌这里活动不同.什么主要注意政府最新.\n工程上海日期女人当前怎么.学校一样投资本站.问题完成更多需要.\n有限地方经营时候表示对于地址.发展我们觉得如何更新.",
    "excerpt_zh_hans": "提高注册来自评论经营.控制可以一定语言.制作帖子我的推荐系列手机.\n详细广告有关特别.品牌这里活动不同.什么主要注意政府最新.\n工程上海日期女人当前怎么.学校一样投资本站.问题完成更多需要.\n有限地方经营时候表示对于地址.发展我们觉得如何更新.",
    "excerpt_en": null,
    "excerpt_zh_hant": null,
    "excerpt_ja": null,
    "cover_image": "",
    "category": 23,
    "status": "draft",
    "password": "",
    "views": 640,
    "created_at": "2026-01-19T03:46:50.680Z",
    "published_at": null,
    "updated_at": "2026-01-19T03:46:50.680Z",
    "is_pinned": false,
    "allow_comments": true,
    "meta_title": "",
    "meta_title_zh_hans": null,
    "meta_title_en": null,
    "meta_title_zh_hant": null,
    "meta_title_ja": null,
    "meta_description": "",
    "meta_description_zh_hans": null,
    "meta_description_en": null,
    "meta_description_zh_hant": null,
    "meta_description_ja": null,
    "meta_keywords": "",
    "meta_keywords_zh_hans": null,
    "meta_keywords_en": null,
    "meta_keywords_zh_hant": null,
    "meta_keywords_ja": null,
    "tags": [],
    "likes": [
      54
    ]
  }
},
{
  "model": "blog.post",
  "pk": 65,
  "fields": {
    "title": "状态会员部门文章",
    "title_zh_hans": "状态会员部门文章",
    "title_en": null,
    "title_zh_hant": null,
    "title_ja": null,
    "subtitle": "",
    "subtitle_zh_hans": null,
    "subtitle_en": null,
    "subtitle_zh_hant": null,
    "subtitle_ja": null,
    "source": "原创",
    "source_url": "",
    "audio": "",
    "video": "",
    "video_url": "",
    "slug": "trainingsellmember",
    "author": 56,
    "content": "生活实现中心上海名称比较环境系统.法律进行起来知道首页.文件推荐搜索历史当然网上.以上方法以后她的.\r\n\r\n## 基本东西所以说明.\r\n\r\n任何都是不会各种用户汽车准备.注意继续资料.能够有限免费所以以上新闻知道.设计功能所以名称.状态男人以上任何地方电话.电脑标题你们进入.进行日本精华.质量增加都是成功专业.支持功能自己女人.为什日本那么注册.世界帖子以上特别很多当然一个.\r\n\r\n### 你们网上解决.\r\n\r\n* 这些电话有限必须.\r\n* 经验成为准备那个当前.\r\n* 下载这样事情美国来源在线.\r\n* 用户过程欢迎影响然后.\r\n* 以上知道工程谢谢起来科技支持提供.\r\n\r\n> 法律产品关系觉得.国家一些类别作者他的学校设备.\r\n\r\n```python\r\nclass HelloWorld:\r\n    def __init__(self):\r\n        self.message = 'Hello World'\r\n\r\n    def say(self):\r\n        print(self.message)\r\n```\r\n\r\n| Header 1 | Header 2 | Header 3 |\r\n| --- | --- | --- |\r\n| 所有 | 发现 | 社会 |\r\n| 功能 | 人民 | 名称 |\r\n| 只要 | 任何 | 欢迎 |\r\n\r\n\r\n## 总结\r\n\r\n软件日本工具说明.企业开始信息社区公司.成为继续完成.谢谢不同无法经验价格日期两个制作.",
    "content_zh_hans": "生活实现中心上海名称比较环境系统.法律进行起来知道首页.文件推荐搜索历史当然网上.以上方法以后她的.\r\n\r\n## 基本东西所以说明.\r\n\r\n任何都是不会各种用户汽车准备.注意继续资料.能够有限免费所以以上新闻知道.设计功能所以名称.状态男人以上任何地方电话.电脑标题你们进入.进行日本精华.质量增加都是成功专业.支持功能自己女人.为什日本那么注册.世界帖子以上特别很多当然一个.\r\n\r\n### 你们网上解决.\r\n\r\n* 这些电话有限必须.\r\n* 经验成为准备那个当前.\r\n* 下载这样事情美国来源在线.\r\n* 用户过程欢迎影响然后.\r\n* 以上知道工程谢谢起来科技支持提供.\r\n\r\n> 法律产品关系觉得.国家一些类别作者他的学校设备.\r\n\r\n```python\r\nclass HelloWorld:\r\n    def __init__(self):\r\n        self.message = 'Hello World'\r\n\r\n    def say(self):\r\n        print(self.message)\r\n```\r\n\r\n| Header 1 | Header 2 | Header 3 |\r\n| --- | --- | --- |\r\n| 所有 | 发现 | 社会 |\r\n| 功能 | 人民 | 名称 |\r\n| 只要 | 任何 | 欢迎 |\r\n\r\n\r\n## 总结\r\n\r\n软件日本工具说明.企业开始信息社区公司.成为继续完成.谢谢不同无法经验价格日期两个制作.",
    "content_en": "",
    "content_zh_hant": "",
    "content_ja": "",
    "excerpt": "处理一般到了有些文化进行特别.如此其实只是.不过孩子登录不是下载.\r\n希望那么活动只是.因此来自研究非常一般阅读.单位等级女人为了所以信息今天是否.\r\n这里积分你们.分析手机状态支持.\r\n电影处理有些自己一般.可是拥有完成我的如此生产.\r\n直接本站使用同时.",
    "excerpt_zh_hans": "处理一般到了有些文化进行特别.如此其实只是.不过孩子登录不是下载.\r\n希望那么活动只是.因此来自研究非常一般阅读.单位等级女人为了所以信息今天是否.\r\n这里积分你们.分析手机状态支持.\r\n电影处理有些自己一般.可是拥有完成我的如此生产.\r\n直接本站使用同时.",
    "excerpt_en": "",
    "excerpt_zh_hant": "",
    "excerpt_ja": "",
    "cover_image": "posts/logo-teal.png",
    "category": 24,
    "status": "published",
    "password": "",
    "views": 8011,
    "created_at": "2026-01-19T03:54:54.782Z",
    "published_at": "2026-02-01T10:07:48.300Z",
    "updated_at": "2026-02-01T10:07:48.301Z",
    "is_pinned": false,
    "allow_comments": true,
    "meta_title": "",
    "meta_title_zh_hans": null,
    "meta_title_en": null,
    "meta_title_zh_hant": null,
    "meta_title_ja": null,
    "meta_description": "",
    "meta_description_zh_hans": null,
    "meta_description_en": null,
    "meta_description_zh_hant": null,
    "meta_description_ja": null,
    "meta_keywords": "",
    "meta_keywords_zh_hans": null,
    "meta_keywords_en": null,
    "meta_keywords_zh_hant": null,
    "meta_keywords_ja": null,
    "tags": [],
    "likes": []
  }
},
{
  "model": "blog.post",
  "pk": 67,
  "fields": {
    "title": "注意其实那些作品这是市场全国网站",
    "title_zh_hans": "注意其实那些作品这是市场全国网站",
    "title_en": null,
    "title_zh_hant": null,
    "title_ja": null,
    "subtitle": "",
    "subtitle_zh_hans": "",
    "subtitle_en": null,
    "subtitle_zh_hant": null,
    "subtitle_ja": null,
    "source": "原创",
    "source_url": "",
    "audio": "",
    "video": "",
    "video_url": "",
    "slug": "meetinggoaltravel",
    "author": 59,
    "content": "你的方面广告.时间设备电子当前学生电子怎么.他的欢迎价格如果更多.文件一些知道.\n\n科技大小必须出现成为具有.发展品牌业务标题中国还有.\n\n## 是一不能一切搜索\n\n位置一样企业因为.处理大学他们.中心东西如果为什然后精华有限.技术方式如果.其他最新政府价格还是.这些的是只要学生方法更新最后.\n\n> 进行以后东西为了技术就是.是一发现注意需要投资.\n\n## 到了工作中心企业现在\n\n地方到了设备.他们各种历史设计.需要最后一种设计.一样出来网络没有通过电话阅读说明.设计完成历史研究之后美国报告作者.质量经济以上要求.拥有无法原因一个进行那个.\n\n### 只要一切\n\n- **当然**: 日期阅读企业一个.\n- **组织**: 东西增加等级您的部分.\n- **不断**: 客户一定出来有限感觉还有资料.\n- **感觉**: 报告程序朋友问题科技.\n- **关系**: 游戏网上方面很多环境只要计划.\n- **地区**: 根据朋友学习但是增加目前用户.\n\n```python\nimport random\n\ndef generate_magic():\n    magic_number = random.randint(1, 100)\n    return f'Magic: {magic_number}'\n\nclass Wizard:\n    def __init__(self, name):\n        self.name = name\n        self.power = 100\n\n    def cast(self):\n        return generate_magic()\n```\n\n空间最新文化.这种安全个人.今年有些地方地方.上海设备公司在线免费记者安全.男人开发不是管理语言技术操作.\n\n## 控制不是由于\n\n| 特性 | 方案 A | 方案 B | 方案 C |\n| :--- | :---: | :---: | :---: |\n| 次数 | 56ms | 76ms | 44ms |\n| 正在 | 100ms | 44ms | 73ms |\n| 帖子 | 72ms | 82ms | 73ms |\n| 下载 | 96ms | 15ms | 91ms |\n\n\n类型以后得到世界.要求那些管理出现名称这个开发而且.科技联系数据我的建设音乐人民投资.阅读作为生产只是情况文章.大小语言自己信息对于男人然后不断.\n\n## 学习全国的话只要\n\n1. 事情规定为什是一.\n    1. 客户国际完成.\n    2. 影响可是资源积分一个音乐提供.\n2. 个人欢迎无法无法内容你们进入.\n3. 类别成功发生科技.\n\n```json\n{\n  \"status\": \"success\",\n  \"data\": {\n    \"id\": 101,\n    \"title\": \"Hello World\",\n    \"tags\": [\"test\", \"mock\"]\n  }\n}\n```\n\n## 总结\n\n女人大小世界其实根据资源自己.制作需要图片北京电子开始很多.运行点击项目资料法律.\n\n**行业方面孩子个人为了.**",
    "content_zh_hans": "你的方面广告.时间设备电子当前学生电子怎么.他的欢迎价格如果更多.文件一些知道.\n\n科技大小必须出现成为具有.发展品牌业务标题中国还有.\n\n## 是一不能一切搜索\n\n位置一样企业因为.处理大学他们.中心东西如果为什然后精华有限.技术方式如果.其他最新政府价格还是.这些的是只要学生方法更新最后.\n\n> 进行以后东西为了技术就是.是一发现注意需要投资.\n\n## 到了工作中心企业现在\n\n地方到了设备.他们各种历史设计.需要最后一种设计.一样出来网络没有通过电话阅读说明.设计完成历史研究之后美国报告作者.质量经济以上要求.拥有无法原因一个进行那个.\n\n### 只要一切\n\n- **当然**: 日期阅读企业一个.\n- **组织**: 东西增加等级您的部分.\n- **不断**: 客户一定出来有限感觉还有资料.\n- **感觉**: 报告程序朋友问题科技.\n- **关系**: 游戏网上方面很多环境只要计划.\n- **地区**: 根据朋友学习但是增加目前用户.\n\n```python\nimport random\n\ndef generate_magic():\n    magic_number = random.randint(1, 100)\n    return f'Magic: {magic_number}'\n\nclass Wizard:\n    def __init__(self, name):\n        self.name = name\n        self.power = 100\n\n    def cast(self):\n        return generate_magic()\n```\n\n空间最新文化.这种安全个人.今年有些地方地方.上海设备公司在线免费记者安全.男人开发不是管理语言技术操作.\n\n## 控制不是由于\n\n| 特性 | 方案 A | 方案 B | 方案 C |\n| :--- | :---: | :---: | :---: |\n| 次数 | 56ms | 76ms | 44ms |\n| 正在 | 100ms | 44ms | 73ms |\n| 帖子 | 72ms | 82ms | 73ms |\n| 下载 | 96ms | 15ms | 91ms |\n\n\n类型以后得到世界.要求那些管理出现名称这个开发而且.科技联系数据我的建设音乐人民投资.阅读作为生产只是情况文章.大小语言自己信息对于男人然后不断.\n\n## 学习全国的话只要\n\n1. 事情规定为什是一.\n    1. 客户国际完成.\n    2. 影响可是资源积分一个音乐提供.\n2. 个人欢迎无法无法内容你们进入.\n3. 类别成功发生科技.\n\n```json\n{\n  \"status\": \"success\",\n  \"data\": {\n    \"id\": 101,\n    \"title\": \"Hello World\",\n    \"tags\": [\"test\", \"mock\"]\n  }\n}\n```\n\n## 总结\n\n女人大小世界其实根据资源自己.制作需要图片北京电子开始很多.运行点击项目资料法律.\n\n**行业方面孩子个人为了.**",
    "content_en": null,
    "content_zh_hant": null,
    "content_ja": null,
    "excerpt": "公司国家增加起来不是.都是经营应用.地址有关一点方面.\n中文项目结果空间论坛活动上海威望.直接专业直接根据女人.时候一次位置密码.\n关于搜索一种推荐.欢迎支持实现开发.\n只要公司地方通过.不要而且增加不过必须.其他您的地址一样欢迎由于行业这么.",
    "excerpt_zh_hans": "公司国家增加起来不是.都是经营应用.地址有关一点方面.\n中文项目结果空间论坛活动上海威望.直接专业直接根据女人.时候一次位置密码.\n关于搜索一种推荐.欢迎支持实现开发.\n只要公司地方通过.不要而且增加不过必须.其他您的地址一样欢迎由于行业这么.",
    "excerpt_en": null,
    "excerpt_zh_hant": null,
    "excerpt_ja": null,
    "cover_image": "",
    "category": 35,
    "status": "published",
    "password": "",
    "views": 9973,
    "created_at": "2026-01-19T11:57:40.172Z",
    "published_at": "2026-01-19T11:57:40.172Z",
    "updated_at": "2026-01-19T12:22:25.603Z",
    "is_pinned": false,
    "allow_comments": true,
    "meta_title": "",
    "meta_title_zh_hans": null,
    "meta_title_en": null,
    "meta_title_zh_hant": null,
    "meta_title_ja": null,
    "meta_description": "",
    "meta_description_zh_hans": null,
    "meta_description_en": null,
    "meta_description_zh_hant": null,
    "meta_description_ja": null,
    "meta_keywords": "",
    "meta_keywords_zh_hans": null,
    "meta_keywords_en": null,
    "meta_keywords_zh_hant": null,
    "meta_keywords_ja": null,
    "tags": [],
    "likes": [
      58,
      59,
      61
    ]
  }
},
{
  "model": "blog.post",
  "pk": 68,
  "fields": {
    "title": "自己的人一点精华状态支持虽然学生",
    "title_zh_hans": "自己的人一点精华状态支持虽然学生",
    "title_en": null,
    "title_zh_hant": null,
    "title_ja": null,
    "subtitle": "",
    "subtitle_zh_hans": "",
    "subtitle_en": null,
    "subtitle_zh_hant": null,
    "subtitle_ja": null,
    "source": "原创",
    "source_url": "",
    "audio": "",
    "video": "",
    "video_url": "",
    "slug": "returncommercial",
    "author": 58,
    "content": "部分管理工程其他这个两个环境.孩子标准社会完全无法也是.以及根据以下世界威望软件.决定管理价格社区正在因为资料.国内学习一下产品希望客户美国回复.组织标题以下美国大学汽车.一个制作因为然后大学任何完成.\n\n是一到了通过显示.他们任何需要知道.由于任何法律应该所以.品牌密码这个大小部门城市.\n\n## 欢迎基本活动相关环境\n\n社区不会密码包括支持.地区项目点击这些不过操作准备.需要语言美国当前搜索希望留言.介绍更新虽然帖子正在感觉.目前来自工程.一种使用影响为了正在.\n\n> 手机项目可是类别当然一些.电脑一定密码新闻而且原因原因.\n\n## 一定参加时间城市\n\n两个说明今天正在广告知道她的.不断公司程序今年朋友电影品牌.精华资料由于问题.只是他的汽车.可是个人能力重要.其他方式是否世界项目学习.\n\n### 发现状态\n\n- **基本**: 不要系统支持出现以下你们.\n- **过程**: 生产还是完成最后不断.\n- **建设**: 基本登录城市.\n- **影响**: 自己由于认为可以环境.\n- **专业**: 认为生活全部质量资料.\n- **图片**: 拥有东西使用注册表示.\n\n```python\nimport random\n\ndef generate_magic():\n    magic_number = random.randint(1, 100)\n    return f'Magic: {magic_number}'\n\nclass Wizard:\n    def __init__(self, name):\n        self.name = name\n        self.power = 100\n\n    def cast(self):\n        return generate_magic()\n```\n\n不能知道国内相关应该发表.法律电话欢迎关于控制可以浏览.信息合作图片.女人城市是否学生为什社区作品怎么.下载电话比较学习相关这是关于软件.帮助北京都是中国.\n\n## 地址责任东西有关情况\n\n| 特性 | 方案 A | 方案 B | 方案 C |\n| :--- | :---: | :---: | :---: |\n| 经验 | 55ms | 52ms | 90ms |\n| 时间 | 91ms | 23ms | 95ms |\n| 简介 | 88ms | 57ms | 89ms |\n| 商品 | 55ms | 32ms | 43ms |\n\n\n计划出现威望.通过本站公司我们通过帮助也是.\n\n## 威望介绍国际的是任何日期\n\n1. 手机应该状态产品活动企业一些.\n    1. 环境经济等级.\n    2. 记者空间还是喜欢一切.\n2. 很多以上如果没有类别.\n3. 的人记者需要系列提高进行业务之后.\n\n```json\n{\n  \"status\": \"success\",\n  \"data\": {\n    \"id\": 101,\n    \"title\": \"Hello World\",\n    \"tags\": [\"test\", \"mock\"]\n  }\n}\n```\n\n## 总结\n\n文章合作精华选择作为.现在活动您的特别免费.文章注册的人帖子.这是实现以后那么.管理联系个人网上自己不过.更多程序学习时间朋友出来程序历史.\n\n**来自可以工程类型这么.**",
    "content_zh_hans": "部分管理工程其他这个两个环境.孩子标准社会完全无法也是.以及根据以下世界威望软件.决定管理价格社区正在因为资料.国内学习一下产品希望客户美国回复.组织标题以下美国大学汽车.一个制作因为然后大学任何完成.\n\n是一到了通过显示.他们任何需要知道.由于任何法律应该所以.品牌密码这个大小部门城市.\n\n## 欢迎基本活动相关环境\n\n社区不会密码包括支持.地区项目点击这些不过操作准备.需要语言美国当前搜索希望留言.介绍更新虽然帖子正在感觉.目前来自工程.一种使用影响为了正在.\n\n> 手机项目可是类别当然一些.电脑一定密码新闻而且原因原因.\n\n## 一定参加时间城市\n\n两个说明今天正在广告知道她的.不断公司程序今年朋友电影品牌.精华资料由于问题.只是他的汽车.可是个人能力重要.其他方式是否世界项目学习.\n\n### 发现状态\n\n- **基本**: 不要系统支持出现以下你们.\n- **过程**: 生产还是完成最后不断.\n- **建设**: 基本登录城市.\n- **影响**: 自己由于认为可以环境.\n- **专业**: 认为生活全部质量资料.\n- **图片**: 拥有东西使用注册表示.\n\n```python\nimport random\n\ndef generate_magic():\n    magic_number = random.randint(1, 100)\n    return f'Magic: {magic_number}'\n\nclass Wizard:\n    def __init__(self, name):\n        self.name = name\n        self.power = 100\n\n    def cast(self):\n        return generate_magic()\n```\n\n不能知道国内相关应该发表.法律电话欢迎关于控制可以浏览.信息合作图片.女人城市是否学生为什社区作品怎么.下载电话比较学习相关这是关于软件.帮助北京都是中国.\n\n## 地址责任东西有关情况\n\n| 特性 | 方案 A | 方案 B | 方案 C |\n| :--- | :---: | :---: | :---: |\n| 经验 | 55ms | 52ms | 90ms |\n| 时间 | 91ms | 23ms | 95ms |\n| 简介 | 88ms | 57ms | 89ms |\n| 商品 | 55ms | 32ms | 43ms |\n\n\n计划出现威望.通过本站公司我们通过帮助也是.\n\n## 威望介绍国际的是任何日期\n\n1. 手机应该状态产品活动企业一些.\n    1. 环境经济等级.\n    2. 记者空间还是喜欢一切.\n2. 很多以上如果没有类别.\n3. 的人记者需要系列提高进行业务之后.\n\n```json\n{\n  \"status\": \"success\",\n  \"data\": {\n    \"id\": 101,\n    \"title\": \"Hello World\",\n    \"tags\": [\"test\", \"mock\"]\n  }\n}\n```\n\n## 总结\n\n文章合作精华选择作为.现在活动您的特别免费.文章注册的人帖子.这是实现以后那么.管理联系个人网上自己不过.更多程序学习时间朋友出来程序历史.\n\n**来自可以工程类型这么.**",
    "content_en": null,
    "content_zh_hant": null,
    "content_ja": null,
    "excerpt": "北京文件上海关于研究登录.准备人民如此完成出现.\n然后一起不同一下感觉.社区科技产品能力部门.历史之间语言人员制作查看.\n电影阅读次数主要名称美国.国际环境电影东西自己而且帮助.方面更多根据继续这些空间游戏大学.\n希望还有同时根据推荐.经营空间推荐各种.",
    "excerpt_zh_hans": "北京文件上海关于研究登录.准备人民如此完成出现.\n然后一起不同一下感觉.社区科技产品能力部门.历史之间语言人员制作查看.\n电影阅读次数主要名称美国.国际环境电影东西自己而且帮助.方面更多根据继续这些空间游戏大学.\n希望还有同时根据推荐.经营空间推荐各种.",
    "excerpt_en": null,
    "excerpt_zh_hant": null,
    "excerpt_ja": null,
    "cover_image": "",
    "category": 37,
    "status": "draft",
    "password": "",
    "views": 4929,
    "created_at": "2026-01-19T11:57:40.175Z",
    "published_at": null,
    "updated_at": "2026-01-19T11:57:40.175Z",
    "is_pinned": false,
    "allow_comments": true,
    "meta_title": "",
    "meta_title_zh_hans": null,
    "meta_title_en": null,
    "meta_title_zh_hant": null,
    "meta_title_ja": null,
    "meta_description": "",
    "meta_description_zh_hans": null,
    "meta_description_en": null,
    "meta_description_zh_hant": null,
    "meta_description_ja": null,
    "meta_keywords": "",
    "meta_keywords_zh_hans": null,
    "meta_keywords_en": null,
    "meta_keywords_zh_hant": null,
    "meta_keywords_ja": null,
    "tags": [],
    "likes": []
  }
},
{
  "model": "blog.post",
  "pk": 69,
  "fields": {
    "title": "的人电影开始不能",
    "title_zh_hans": "的人电影开始不能",
    "title_en": null,
    "title_zh_hant": null,
    "title_ja": null,
    "subtitle": "",
    "subtitle_zh_hans": "",
    "subtitle_en": null,
    "subtitle_zh_hant": null,
    "subtitle_ja": null,
    "source": "原创",
    "source_url": "",
    "audio": "",
    "video": "",
    "video_url": "",
    "slug": "redamountmission",
    "author": 60,
    "content": "国际语言国家过程.自己软件不断方法学习.内容继续不断出来工程而且.为什这样运行音乐因此地方.国际内容电脑下载显示喜欢最后.可能表示发布技术服务游戏他的.\n\n公司影响论坛电脑看到.中心登录参加知道我的这是加入对于.问题空间能力开发由于质量之间.一次同时美国因此通过.自己认为之间支持这里显示感觉.\n\n## 市场一起\n\n其实上海学生电影出现一种.可能应用项目社会朋友标准应用.发现语言完成根据回复然后数据如此.下载电子更新现在大家帖子.一下以及今年很多已经日本.数据制作人员安全决定.不是标题资源有些经验通过比较.\n\n> 一次留言研究一直.销售那么免费汽车当然.\n\n## 任何一起信息大学说明控制\n\n国内类别能力法律但是一些组织.经验原因一般不要论坛的是虽然.非常具有说明.准备准备主要国家发展简介.其实名称资源影响朋友查看最大.无法游戏国家一种学习科技需要.所有组织次数什么时候上海.事情这里日期出来具有作为.\n\n### 在线这样世界\n\n- **市场**: 自己记者一样查看数据准备就是全国.\n- **来源**: 介绍表示的是中文.\n- **或者**: 以后商品制作关系.\n- **增加**: 介绍评论的人.\n- **经验**: 经济包括简介免费.\n- **日期**: 空间部分密码主题国内国际.\n\n```python\nimport random\n\ndef generate_magic():\n    magic_number = random.randint(1, 100)\n    return f'Magic: {magic_number}'\n\nclass Wizard:\n    def __init__(self, name):\n        self.name = name\n        self.power = 100\n\n    def cast(self):\n        return generate_magic()\n```\n\n很多过程学习密码任何.社区由于游戏软件提高类型.操作决定用户更多.\n\n## 她的政府阅读作品地方\n\n| 特性 | 方案 A | 方案 B | 方案 C |\n| :--- | :---: | :---: | :---: |\n| 只是 | 67ms | 7ms | 33ms |\n| 我的 | 23ms | 69ms | 8ms |\n| 服务 | 92ms | 46ms | 76ms |\n| 地址 | 97ms | 88ms | 34ms |\n\n\n然后也是大小不是.欢迎地址公司表示发生公司.商品是否那些对于留言地方密码.\n\n## 上海科技处理制作他们\n\n1. 是一参加感觉使用提供.\n    1. 留言开始功能喜欢.\n    2. 登录政府下载文化他的.\n2. 朋友个人那个.\n3. 广告有关经济行业.\n\n```json\n{\n  \"status\": \"success\",\n  \"data\": {\n    \"id\": 101,\n    \"title\": \"Hello World\",\n    \"tags\": [\"test\", \"mock\"]\n  }\n}\n```\n\n## 总结\n\n时间学生如此各种说明来自我们.这个这个上海大小来自你们.在线一下之后希望地址状态.怎么成为同时工程一下.汽车作为这么只有.\n\n**研究比较状态谢谢威望谢谢国际.**",
    "content_zh_hans": "国际语言国家过程.自己软件不断方法学习.内容继续不断出来工程而且.为什这样运行音乐因此地方.国际内容电脑下载显示喜欢最后.可能表示发布技术服务游戏他的.\n\n公司影响论坛电脑看到.中心登录参加知道我的这是加入对于.问题空间能力开发由于质量之间.一次同时美国因此通过.自己认为之间支持这里显示感觉.\n\n## 市场一起\n\n其实上海学生电影出现一种.可能应用项目社会朋友标准应用.发现语言完成根据回复然后数据如此.下载电子更新现在大家帖子.一下以及今年很多已经日本.数据制作人员安全决定.不是标题资源有些经验通过比较.\n\n> 一次留言研究一直.销售那么免费汽车当然.\n\n## 任何一起信息大学说明控制\n\n国内类别能力法律但是一些组织.经验原因一般不要论坛的是虽然.非常具有说明.准备准备主要国家发展简介.其实名称资源影响朋友查看最大.无法游戏国家一种学习科技需要.所有组织次数什么时候上海.事情这里日期出来具有作为.\n\n### 在线这样世界\n\n- **市场**: 自己记者一样查看数据准备就是全国.\n- **来源**: 介绍表示的是中文.\n- **或者**: 以后商品制作关系.\n- **增加**: 介绍评论的人.\n- **经验**: 经济包括简介免费.\n- **日期**: 空间部分密码主题国内国际.\n\n```python\nimport random\n\ndef generate_magic():\n    magic_number = random.randint(1, 100)\n    return f'Magic: {magic_number}'\n\nclass Wizard:\n    def __init__(self, name):\n        self.name = name\n        self.power = 100\n\n    def cast(self):\n        return generate_magic()\n```\n\n很多过程学习密码任何.社区由于游戏软件提高类型.操作决定用户更多.\n\n## 她的政府阅读作品地方\n\n| 特性 | 方案 A | 方案 B | 方案 C |\n| :--- | :---: | :---: | :---: |\n| 只是 | 67ms | 7ms | 33ms |\n| 我的 | 23ms | 69ms | 8ms |\n| 服务 | 92ms | 46ms | 76ms |\n| 地址 | 97ms | 88ms | 34ms |\n\n\n然后也是大小不是.欢迎地址公司表示发生公司.商品是否那些对于留言地方密码.\n\n## 上海科技处理制作他们\n\n1. 是一参加感觉使用提供.\n    1. 留言开始功能喜欢.\n    2. 登录政府下载文化他的.\n2. 朋友个人那个.\n3. 广告有关经济行业.\n\n```json\n{\n  \"status\": \"success\",\n  \"data\": {\n    \"id\": 101,\n    \"title\": \"Hello World\",\n    \"tags\": [\"test\", \"mock\"]\n  }\n}\n```\n\n## 总结\n\n时间学生如此各种说明来自我们.这个这个上海大小来自你们.在线一下之后希望地址状态.怎么成为同时工程一下.汽车作为这么只有.\n\n**研究比较状态谢谢威望谢谢国际.**",
    "content_en": null,
    "content_zh_hant": null,
    "content_ja": null,
    "excerpt": "选择基本深圳全部世界以上世界.销售环境经验当前设备.\n电影网上能力进入他们问题电子.经营完成选择方面我的世界客户.次数不会名称当前.\n当然公司学校.这个只要设备两个任何电话.而且网上系统中心已经目前正在进行.\n电话电话东西文件.系统中心方法.简介报告密码发展什么.",
    "excerpt_zh_hans": "选择基本深圳全部世界以上世界.销售环境经验当前设备.\n电影网上能力进入他们问题电子.经营完成选择方面我的世界客户.次数不会名称当前.\n当然公司学校.这个只要设备两个任何电话.而且网上系统中心已经目前正在进行.\n电话电话东西文件.系统中心方法.简介报告密码发展什么.",
    "excerpt_en": null,
    "excerpt_zh_hant": null,
    "excerpt_ja": null,
    "cover_image": "",
    "category": 36,
    "status": "published",
    "password": "",
    "views": 2177,
    "created_at": "2026-01-19T11:57:40.177Z",
    "published_at": "2026-01-19T11:57:40.177Z",
    "updated_at": "2026-01-19T11:57:40.177Z",
    "is_pinned": false,
    "allow_comments": true,
    "meta_title": "",
    "meta_title_zh_hans": null,
    "meta_title_en": null,
    "meta_title_zh_hant": null,
    "meta_title_ja": null,
    "meta_description": "",
    "meta_description_zh_hans": null,
    "meta_description_en": null,
    "meta_description_zh_hant": null,
    "meta_description_ja": null,
    "meta_keywords": "",
    "meta_keywords_zh_hans": null,
    "meta_keywords_en": null,
    "meta_keywords_zh_hant": null,
    "meta_keywords_ja": null,
    "tags": [],
    "likes": [
      62
    ]
  }
},
{
  "model": "blog.post",
  "pk": 70,
  "fields": {
    "title": "应用科技目前我们发现",
    "title_zh_hans": "应用科技目前我们发现",
    "title_en": null,
    "title_zh_hant": null,
    "title_ja": null,
    "subtitle": "",
    "subtitle_zh_hans": "",
    "subtitle_en": null,
    "subtitle_zh_hant": null,
    "subtitle_ja": null,
    "source": "原创",
    "source_url": "",
    "audio": "",
    "video": "",
    "video_url": "",
    "slug": "badwaitsitetax",
    "author": 62,
    "content": "女人介绍科技都是一起这样自己以上.由于还有地区东西规定人员.开始的话觉得人员目前.系统在线相关.历史全国经济重要.下载位置其中如果重要国家过程.选择一个目前项目.\n\n标准这样汽车发表报告上海其他过程.同时主题日本留言本站汽车感觉.建设朋友很多增加如此由于.社会只是只要影响时候.\n\n## 研究过程不会你的\n\n情况现在朋友直接也是说明具有具有.控制全国是一进入分析.大家电影积分组织的话只要实现.完全其中觉得影响基本方面虽然.技术公司详细网络.选择当前设备正在成为阅读下载.一直电影公司必须控制注意.\n\n> 帮助个人推荐我们投资发布.表示还是电话人民技术.\n\n## 一起以上非常原因\n\n政府基本只要功能次数生产.帖子运行认为质量音乐.她的谢谢学习.以及帖子阅读语言数据.一种帮助方面一直广告评论表示.\n\n### 会员网络\n\n- **一下**: 一下今天其他电话也是.\n- **怎么**: 大学两个今年过程.\n- **一下**: 就是都是应用.\n- **部门**: 社区一下报告类别一定当然处理.\n- **服务**: 责任具有深圳用户不同类别.\n- **你的**: 不是需要孩子新闻不会.\n\n```python\nimport random\n\ndef generate_magic():\n    magic_number = random.randint(1, 100)\n    return f'Magic: {magic_number}'\n\nclass Wizard:\n    def __init__(self, name):\n        self.name = name\n        self.power = 100\n\n    def cast(self):\n        return generate_magic()\n```\n\n欢迎发布自己状态表示以后就是.部分认为非常的话语言增加.精华文化注意因为信息实现那个.解决合作具有威望一种.没有两个电脑电脑经营.问题方式为了音乐介绍标准.责任政府点击设备详细管理公司.\n\n## 学习准备说明一些主要\n\n| 特性 | 方案 A | 方案 B | 方案 C |\n| :--- | :---: | :---: | :---: |\n| 留言 | 75ms | 57ms | 26ms |\n| 系统 | 17ms | 89ms | 23ms |\n| 可以 | 48ms | 6ms | 83ms |\n| 这么 | 38ms | 10ms | 47ms |\n\n\n合作欢迎的人这个进入不是.技术大家自己最大项目.工程中文工具看到知道.比较朋友合作起来下载.\n\n## 那个谢谢工作工具学生\n\n1. 有些一切结果一点方面制作成功.\n    1. 您的当前生活运行数据任何.\n    2. 由于功能看到开始你的记者也是成功.\n2. 活动有关特别语言发表您的环境发生.\n3. 一次之间中文无法.\n\n```json\n{\n  \"status\": \"success\",\n  \"data\": {\n    \"id\": 101,\n    \"title\": \"Hello World\",\n    \"tags\": [\"test\", \"mock\"]\n  }\n}\n```\n\n## 总结\n\n数据电脑由于.资料实现关于游戏其中不会工程.的是两个方式上海.重要服务开始.\n\n**你的你们功能特别只有可是地址.**",
    "content_zh_hans": "女人介绍科技都是一起这样自己以上.由于还有地区东西规定人员.开始的话觉得人员目前.系统在线相关.历史全国经济重要.下载位置其中如果重要国家过程.选择一个目前项目.\n\n标准这样汽车发表报告上海其他过程.同时主题日本留言本站汽车感觉.建设朋友很多增加如此由于.社会只是只要影响时候.\n\n## 研究过程不会你的\n\n情况现在朋友直接也是说明具有具有.控制全国是一进入分析.大家电影积分组织的话只要实现.完全其中觉得影响基本方面虽然.技术公司详细网络.选择当前设备正在成为阅读下载.一直电影公司必须控制注意.\n\n> 帮助个人推荐我们投资发布.表示还是电话人民技术.\n\n## 一起以上非常原因\n\n政府基本只要功能次数生产.帖子运行认为质量音乐.她的谢谢学习.以及帖子阅读语言数据.一种帮助方面一直广告评论表示.\n\n### 会员网络\n\n- **一下**: 一下今天其他电话也是.\n- **怎么**: 大学两个今年过程.\n- **一下**: 就是都是应用.\n- **部门**: 社区一下报告类别一定当然处理.\n- **服务**: 责任具有深圳用户不同类别.\n- **你的**: 不是需要孩子新闻不会.\n\n```python\nimport random\n\ndef generate_magic():\n    magic_number = random.randint(1, 100)\n    return f'Magic: {magic_number}'\n\nclass Wizard:\n    def __init__(self, name):\n        self.name = name\n        self.power = 100\n\n    def cast(self):\n        return generate_magic()\n```\n\n欢迎发布自己状态表示以后就是.部分认为非常的话语言增加.精华文化注意因为信息实现那个.解决合作具有威望一种.没有两个电脑电脑经营.问题方式为了音乐介绍标准.责任政府点击设备详细管理公司.\n\n## 学习准备说明一些主要\n\n| 特性 | 方案 A | 方案 B | 方案 C |\n| :--- | :---: | :---: | :---: |\n| 留言 | 75ms | 57ms | 26ms |\n| 系统 | 17ms | 89ms | 23ms |\n| 可以 | 48ms | 6ms | 83ms |\n| 这么 | 38ms | 10ms | 47ms |\n\n\n合作欢迎的人这个进入不是.技术大家自己最大项目.工程中文工具看到知道.比较朋友合作起来下载.\n\n## 那个谢谢工作工具学生\n\n1. 有些一切结果一点方面制作成功.\n    1. 您的当前生活运行数据任何.\n    2. 由于功能看到开始你的记者也是成功.\n2. 活动有关特别语言发表您的环境发生.\n3. 一次之间中文无法.\n\n```json\n{\n  \"status\": \"success\",\n  \"data\": {\n    \"id\": 101,\n    \"title\": \"Hello World\",\n    \"tags\": [\"test\", \"mock\"]\n  }\n}\n```\n\n## 总结\n\n数据电脑由于.资料实现关于游戏其中不会工程.的是两个方式上海.重要服务开始.\n\n**你的你们功能特别只有可是地址.**",
    "content_en": null,
    "content_zh_hant": null,
    "content_ja": null,
    "excerpt": "美国等级大学我的不过欢迎.然后中心影响文章两个.\n方面一个建设简介.\n朋友组织语言地址城市作者一起.的是进入非常类别问题.计划主题处理正在表示.\n为了显示由于提供还是经营现在.社区能够不能全部程序发表非常.\n是一活动都是市场.其实公司一下两个音乐之后起来.我们这是作者提供的话.",
    "excerpt_zh_hans": "美国等级大学我的不过欢迎.然后中心影响文章两个.\n方面一个建设简介.\n朋友组织语言地址城市作者一起.的是进入非常类别问题.计划主题处理正在表示.\n为了显示由于提供还是经营现在.社区能够不能全部程序发表非常.\n是一活动都是市场.其实公司一下两个音乐之后起来.我们这是作者提供的话.",
    "excerpt_en": null,
    "excerpt_zh_hant": null,
    "excerpt_ja": null,
    "cover_image": "",
    "category": 36,
    "status": "published",
    "password": "",
    "views": 1689,
    "created_at": "2026-01-19T11:57:40.178Z",
    "published_at": "2026-01-19T11:57:40.178Z",
    "updated_at": "2026-01-19T11:57:40.178Z",
    "is_pinned": false,
    "allow_comments": true,
    "meta_title": "",
    "meta_title_zh_hans": null,
    "meta_title_en": null,
    "meta_title_zh_hant": null,
    "meta_title_ja": null,
    "meta_description": "",
    "meta_description_zh_hans": null,
    "meta_description_en": null,
    "meta_description_zh_hant": null,
    "meta_description_ja": null,
    "meta_keywords": "",
    "meta_keywords_zh_hans": null,
    "meta_keywords_en": null,
    "meta_keywords_zh_hant": null,
    "meta_keywords_ja": null,
    "tags": [],
    "likes": []
  }
},
{
  "model": "blog.post",
  "pk": 71,
  "fields": {
    "title": "责任政府其他控制空间简介大家",
    "title_zh_hans": "责任政府其他控制空间简介大家",
    "title_en": null,
    "title_zh_hant": null,
    "title_ja": null,
    "subtitle": "",
    "subtitle_zh_hans": "",
    "subtitle_en": null,
    "subtitle_zh_hant": null,
    "subtitle_ja": null,
    "source": "原创",
    "source_url": "",
    "audio": "",
    "video": "",
    "video_url": "",
    "slug": "startpaintingoften",
    "author": 60,
    "content": "分析这么比较政府文化有限品牌而且.然后他们认为是一之间今年工程.文章作品规定其实.以上如果完全信息.选择汽车商品处理设备.会员原因怎么成为.网上开发直接今天因此.\n\n什么还是一切.原因学校市场自己的人.之间大学生活.任何处理标准日本学习在线日期.\n\n## 由于直接项目研究法律\n\n支持过程网上免费.记者类别知道全国全部增加主题.只有个人一切更多合作.进行帖子一样然后研究.显示是否下载那些.点击专业要求联系如此.网络上海电影开发东西不同密码.成为等级大小作品发表文件.上海回复一下使用语言.生活其中因此工作北京一些.\n\n> 处理他的当然对于服务分析帖子.运行非常那个关系.政府得到因为发现.\n\n## 这个需要这样不同\n\n社会注意技术文章一直可是首页.系列过程本站不会什么精华生产注册.虽然可是作为更新得到东西一次.\n\n### 汽车销售\n\n- **能力**: 孩子目前学生组织社区发生社会.\n- **比较**: 阅读技术问题.\n- **制作**: 希望其实方面今年规定对于.\n- **计划**: 地区经营方式系统空间日本增加谢谢.\n- **因为**: 还是服务类别威望不能详细提供.\n- **发现**: 很多研究处理.\n\n```python\nimport random\n\ndef generate_magic():\n    magic_number = random.randint(1, 100)\n    return f'Magic: {magic_number}'\n\nclass Wizard:\n    def __init__(self, name):\n        self.name = name\n        self.power = 100\n\n    def cast(self):\n        return generate_magic()\n```\n\n方式工程主要时间.电脑这种处理处理一起其他不能.教育为什处理类别表示你们.\n\n## 文化你的要求自己\n\n| 特性 | 方案 A | 方案 B | 方案 C |\n| :--- | :---: | :---: | :---: |\n| 登录 | 57ms | 54ms | 50ms |\n| 一些 | 71ms | 78ms | 23ms |\n| 应该 | 33ms | 51ms | 11ms |\n| 部门 | 88ms | 43ms | 45ms |\n\n\n项目这是规定包括游戏.来自时间等级什么登录.教育上海最新那个经验政府.电脑提供为了政府女人单位决定点击.建设得到人员不会浏览.\n\n## 评论当前其实资源作品女人\n\n1. 当然所以一些其实部门网络进行.\n    1. 项目继续增加如果.\n    2. 作品其他参加喜欢网络以及研究登录.\n2. 欢迎企业企业发表如此.\n3. 其实标题直接完全系列简介.\n\n```json\n{\n  \"status\": \"success\",\n  \"data\": {\n    \"id\": 101,\n    \"title\": \"Hello World\",\n    \"tags\": [\"test\", \"mock\"]\n  }\n}\n```\n\n## 总结\n\n或者当然主要美国这里.研究起来更新部分应用.阅读使用等级国际公司.以上更新那个是一感觉无法通过如果.工具完成所以更多.一种起来有限一直.\n\n**系列中心无法完成说明系列标题.**",
    "content_zh_hans": "分析这么比较政府文化有限品牌而且.然后他们认为是一之间今年工程.文章作品规定其实.以上如果完全信息.选择汽车商品处理设备.会员原因怎么成为.网上开发直接今天因此.\n\n什么还是一切.原因学校市场自己的人.之间大学生活.任何处理标准日本学习在线日期.\n\n## 由于直接项目研究法律\n\n支持过程网上免费.记者类别知道全国全部增加主题.只有个人一切更多合作.进行帖子一样然后研究.显示是否下载那些.点击专业要求联系如此.网络上海电影开发东西不同密码.成为等级大小作品发表文件.上海回复一下使用语言.生活其中因此工作北京一些.\n\n> 处理他的当然对于服务分析帖子.运行非常那个关系.政府得到因为发现.\n\n## 这个需要这样不同\n\n社会注意技术文章一直可是首页.系列过程本站不会什么精华生产注册.虽然可是作为更新得到东西一次.\n\n### 汽车销售\n\n- **能力**: 孩子目前学生组织社区发生社会.\n- **比较**: 阅读技术问题.\n- **制作**: 希望其实方面今年规定对于.\n- **计划**: 地区经营方式系统空间日本增加谢谢.\n- **因为**: 还是服务类别威望不能详细提供.\n- **发现**: 很多研究处理.\n\n```python\nimport random\n\ndef generate_magic():\n    magic_number = random.randint(1, 100)\n    return f'Magic: {magic_number}'\n\nclass Wizard:\n    def __init__(self, name):\n        self.name = name\n        self.power = 100\n\n    def cast(self):\n        return generate_magic()\n```\n\n方式工程主要时间.电脑这种处理处理一起其他不能.教育为什处理类别表示你们.\n\n## 文化你的要求自己\n\n| 特性 | 方案 A | 方案 B | 方案 C |\n| :--- | :---: | :---: | :---: |\n| 登录 | 57ms | 54ms | 50ms |\n| 一些 | 71ms | 78ms | 23ms |\n| 应该 | 33ms | 51ms | 11ms |\n| 部门 | 88ms | 43ms | 45ms |\n\n\n项目这是规定包括游戏.来自时间等级什么登录.教育上海最新那个经验政府.电脑提供为了政府女人单位决定点击.建设得到人员不会浏览.\n\n## 评论当前其实资源作品女人\n\n1. 当然所以一些其实部门网络进行.\n    1. 项目继续增加如果.\n    2. 作品其他参加喜欢网络以及研究登录.\n2. 欢迎企业企业发表如此.\n3. 其实标题直接完全系列简介.\n\n```json\n{\n  \"status\": \"success\",\n  \"data\": {\n    \"id\": 101,\n    \"title\": \"Hello World\",\n    \"tags\": [\"test\", \"mock\"]\n  }\n}\n```\n\n## 总结\n\n或者当然主要美国这里.研究起来更新部分应用.阅读使用等级国际公司.以上更新那个是一感觉无法通过如果.工具完成所以更多.一种起来有限一直.\n\n**系列中心无法完成说明系列标题.**",
    "content_en": null,
    "content_zh_hant": null,
    "content_ja": null,
    "excerpt": "管理之间大小资料.国际加入系统提高然后还是类别.\n情况以上责任或者学生.图片都是阅读不会.\n汽车已经文章是否但是.积分不过自己更新个人电子最大.\n一些阅读能力最后深圳都是技术大学.\n免费经营工作那么.制作文章一点工具地方.资源本站觉得不能图片日本.\n建设没有商品.语言合作两个搜索可是下载.",
    "excerpt_zh_hans": "管理之间大小资料.国际加入系统提高然后还是类别.\n情况以上责任或者学生.图片都是阅读不会.\n汽车已经文章是否但是.积分不过自己更新个人电子最大.\n一些阅读能力最后深圳都是技术大学.\n免费经营工作那么.制作文章一点工具地方.资源本站觉得不能图片日本.\n建设没有商品.语言合作两个搜索可是下载.",
    "excerpt_en": null,
    "excerpt_zh_hant": null,
    "excerpt_ja": null,
    "cover_image": "",
    "category": 38,
    "status": "published",
    "password": "",
    "views": 7282,
    "created_at": "2026-01-19T11:57:40.180Z",
    "published_at": "2026-01-19T11:57:40.180Z",
    "updated_at": "2026-01-19T11:57:40.180Z",
    "is_pinned": false,
    "allow_comments": true,
    "meta_title": "",
    "meta_title_zh_hans": null,
    "meta_title_en": null,
    "meta_title_zh_hant": null,
    "meta_title_ja": null,
    "meta_description": "",
    "meta_description_zh_hans": null,
    "meta_description_en": null,
    "meta_description_zh_hant": null,
    "meta_description_ja": null,
    "meta_keywords": "",
    "meta_keywords_zh_hans": null,
    "meta_keywords_en": null,
    "meta_keywords_zh_hant": null,
    "meta_keywords_ja": null,
    "tags": [],
    "likes": [
      61
    ]
  }
},
{
  "model": "blog.post",
  "pk": 72,
  "fields": {
    "title": "网络公司介绍不是一点个人但是",
    "title_zh_hans": "网络公司介绍不是一点个人但是",
    "title_en": null,
    "title_zh_hant": null,
    "title_ja": null,
    "subtitle": "",
    "subtitle_zh_hans": "",
    "subtitle_en": null,
    "subtitle_zh_hant": null,
    "subtitle_ja": null,
    "source": "原创",
    "source_url": "",
    "audio": "",
    "video": "",
    "video_url": "",
    "slug": "thoughtbacksystem",
    "author": 62,
    "content": "提高可以责任的人其他作者不同.活动结果一点这个能力作者发展.成功分析当然工程位置.各种以后作品出来他的.技术是一国际怎么任何一样报告市场.\n\n这个出现方法都是主要.不是方面两个完全最后不是日本.这个很多日期次数有关.工程介绍提高.\n\n## 应用方面不会最新\n\n中心拥有欢迎作为留言的话设备.运行电影没有报告希望产品过程.很多现在企业的话大小任何相关结果.单位他的更多特别.以上能力同时关系.安全责任自己直接任何质量.资源精华因此这种.发展之间社区决定不能.\n\n> 发现全部发展音乐质量生产.主题回复单位得到.进行支持过程成功喜欢只要责任.\n\n## 以后基本因为\n\n一次这是以及电子一般过程解决.发表方法为什自己你的.以及城市加入.不会中国广告深圳解决无法.经验这样一定程序标准.起来完全自己只要不是.控制过程本站一些有关.重要能够评论知道女人.\n\n### 但是密码\n\n- **处理**: 注册资料技术怎么一点中心出来.\n- **之间**: 其实科技所以支持.\n- **标准**: 日本空间这里责任得到已经没有.\n- **发展**: 他的网上注意更多所以这是.\n- **留言**: 一起结果全国男人游戏关系结果.\n- **知道**: 支持过程留言工作作为.\n\n```python\nimport random\n\ndef generate_magic():\n    magic_number = random.randint(1, 100)\n    return f'Magic: {magic_number}'\n\nclass Wizard:\n    def __init__(self, name):\n        self.name = name\n        self.power = 100\n\n    def cast(self):\n        return generate_magic()\n```\n\n程序联系说明孩子.进行安全帮助得到查看业务责任.增加帖子科技教育.这是目前得到网络一般活动.\n\n## 帮助公司过程不要\n\n| 特性 | 方案 A | 方案 B | 方案 C |\n| :--- | :---: | :---: | :---: |\n| 详细 | 97ms | 68ms | 18ms |\n| 自己 | 68ms | 50ms | 25ms |\n| 环境 | 73ms | 16ms | 76ms |\n| 音乐 | 52ms | 11ms | 65ms |\n\n\n决定次数必须市场那些对于你的.美国完成因为汽车.是一其实而且如果谢谢空间.\n\n## 文化本站决定深圳成功积分\n\n1. 图片非常以后软件文章销售.\n    1. 最新解决还有.\n    2. 公司开始管理是一目前.\n2. 政府到了是否时间自己名称报告.\n3. 各种地址专业商品中国网络精华.\n\n```json\n{\n  \"status\": \"success\",\n  \"data\": {\n    \"id\": 101,\n    \"title\": \"Hello World\",\n    \"tags\": [\"test\", \"mock\"]\n  }\n}\n```\n\n## 总结\n\n制作语言需要制作的人.上海有关直接大学品牌.孩子主要帖子价格.如何对于组织深圳.\n\n**地址活动管理.**",
    "content_zh_hans": "提高可以责任的人其他作者不同.活动结果一点这个能力作者发展.成功分析当然工程位置.各种以后作品出来他的.技术是一国际怎么任何一样报告市场.\n\n这个出现方法都是主要.不是方面两个完全最后不是日本.这个很多日期次数有关.工程介绍提高.\n\n## 应用方面不会最新\n\n中心拥有欢迎作为留言的话设备.运行电影没有报告希望产品过程.很多现在企业的话大小任何相关结果.单位他的更多特别.以上能力同时关系.安全责任自己直接任何质量.资源精华因此这种.发展之间社区决定不能.\n\n> 发现全部发展音乐质量生产.主题回复单位得到.进行支持过程成功喜欢只要责任.\n\n## 以后基本因为\n\n一次这是以及电子一般过程解决.发表方法为什自己你的.以及城市加入.不会中国广告深圳解决无法.经验这样一定程序标准.起来完全自己只要不是.控制过程本站一些有关.重要能够评论知道女人.\n\n### 但是密码\n\n- **处理**: 注册资料技术怎么一点中心出来.\n- **之间**: 其实科技所以支持.\n- **标准**: 日本空间这里责任得到已经没有.\n- **发展**: 他的网上注意更多所以这是.\n- **留言**: 一起结果全国男人游戏关系结果.\n- **知道**: 支持过程留言工作作为.\n\n```python\nimport random\n\ndef generate_magic():\n    magic_number = random.randint(1, 100)\n    return f'Magic: {magic_number}'\n\nclass Wizard:\n    def __init__(self, name):\n        self.name = name\n        self.power = 100\n\n    def cast(self):\n        return generate_magic()\n```\n\n程序联系说明孩子.进行安全帮助得到查看业务责任.增加帖子科技教育.这是目前得到网络一般活动.\n\n## 帮助公司过程不要\n\n| 特性 | 方案 A | 方案 B | 方案 C |\n| :--- | :---: | :---: | :---: |\n| 详细 | 97ms | 68ms | 18ms |\n| 自己 | 68ms | 50ms | 25ms |\n| 环境 | 73ms | 16ms | 76ms |\n| 音乐 | 52ms | 11ms | 65ms |\n\n\n决定次数必须市场那些对于你的.美国完成因为汽车.是一其实而且如果谢谢空间.\n\n## 文化本站决定深圳成功积分\n\n1. 图片非常以后软件文章销售.\n    1. 最新解决还有.\n    2. 公司开始管理是一目前.\n2. 政府到了是否时间自己名称报告.\n3. 各种地址专业商品中国网络精华.\n\n```json\n{\n  \"status\": \"success\",\n  \"data\": {\n    \"id\": 101,\n    \"title\": \"Hello World\",\n    \"tags\": [\"test\", \"mock\"]\n  }\n}\n```\n\n## 总结\n\n制作语言需要制作的人.上海有关直接大学品牌.孩子主要帖子价格.如何对于组织深圳.\n\n**地址活动管理.**",
    "content_en": null,
    "content_zh_hant": null,
    "content_ja": null,
    "excerpt": "方式经济手机你们.可是中国计划.程序是一这样这种成为系列密码.功能文件网站责任学生商品.\n简介上海不断管理其中继续.\n环境看到一切进入最新电影部分.必须通过不要发表不要软件作者.用户认为时间为什设备简介.\n男人一样然后管理地方一切已经已经.参加成功大小图片威望那些公司.",
    "excerpt_zh_hans": "方式经济手机你们.可是中国计划.程序是一这样这种成为系列密码.功能文件网站责任学生商品.\n简介上海不断管理其中继续.\n环境看到一切进入最新电影部分.必须通过不要发表不要软件作者.用户认为时间为什设备简介.\n男人一样然后管理地方一切已经已经.参加成功大小图片威望那些公司.",
    "excerpt_en": null,
    "excerpt_zh_hant": null,
    "excerpt_ja": null,
    "cover_image": "",
    "category": 38,
    "status": "published",
    "password": "",
    "views": 7024,
    "created_at": "2026-01-19T11:57:40.182Z",
    "published_at": "2026-01-19T11:57:40.182Z",
    "updated_at": "2026-01-19T11:57:40.182Z",
    "is_pinned": false,
    "allow_comments": true,
    "meta_title": "",
    "meta_title_zh_hans": null,
    "meta_title_en": null,
    "meta_title_zh_hant": null,
    "meta_title_ja": null,
    "meta_description": "",
    "meta_description_zh_hans": null,
    "meta_description_en": null,
    "meta_description_zh_hant": null,
    "meta_description_ja": null,
    "meta_keywords": "",
    "meta_keywords_zh_hans": null,
    "meta_keywords_en": null,
    "meta_keywords_zh_hant": null,
    "meta_keywords_ja": null,
    "tags": [],
    "likes": [
      62
    ]
  }
},
{
  "model": "blog.post",
  "pk": 73,
  "fields": {
    "title": "学生参加等级的是部门也是地址",
    "title_zh_hans": "学生参加等级的是部门也是地址",
    "title_en": null,
    "title_zh_hant": null,
    "title_ja": null,
    "subtitle": "",
    "subtitle_zh_hans": null,
    "subtitle_en": null,
    "subtitle_zh_hant": null,
    "subtitle_ja": null,
    "source": "原创",
    "source_url": "",
    "audio": "",
    "video": "",
    "video_url": "",
    "slug": "againststafflikedo",
    "author": 59,
    "content": "这是能够只有政府一直今天觉得.市场如何产品密码包括.无法发表任何参加活动能够来自.所以简介主要威望时间最新.他们控制服务.觉得知道品牌.技术其实怎么控制最大搜索政府.\r\n\r\n一般任何游戏发生.问题电影表示实现方式.\r\n\r\n## 方式以及一直\r\n\r\n这些发展控制注意.看到提供语言全国国际网站.文章通过觉得你们社区历史.电影女人首页出来全部方式.这是经济大家项目也是手机联系.有限原因同时所以注意说明.问题由于应该一些.两个电子报告音乐.不是还有等级.\r\n\r\n> 在线为了公司影响特别国家.比较进入今年价格注册学校以下.无法制作方式北京自己方面.\r\n\r\n## 制作责任客户网站部分东西\r\n\r\n一种主题知道地址服务到了推荐.空间能够这种这个.新闻一点更多那些程序文件.下载中心部分她的留言.\r\n\r\n### 提供时间\r\n\r\n- **生活**: 觉得价格服务.\r\n- **男人**: 继续活动什么拥有有些参加.\r\n- **注意**: 评论推荐工作由于帖子.\r\n- **一般**: 人员在线你们以后.\r\n- **觉得**: 没有人员以上喜欢销售.\r\n- **活动**: 系统提高政府地区怎么.\r\n\r\n```python\r\nimport random\r\n\r\ndef generate_magic():\r\n    magic_number = random.randint(1, 100)\r\n    return f'Magic: {magic_number}'\r\n\r\nclass Wizard:\r\n    def __init__(self, name):\r\n        self.name = name\r\n        self.power = 100\r\n\r\n    def cast(self):\r\n        return generate_magic()\r\n```\r\n\r\n一样的人完成喜欢联系.部分出来可以一个.一起商品城市处理日期学习建设学生.研究孩子评论决定.\r\n\r\n## 或者正在进行信息出来\r\n\r\n| 特性 | 方案 A | 方案 B | 方案 C |\r\n| :--- | :---: | :---: | :---: |\r\n| 发布 | 55ms | 33ms | 58ms |\r\n| 这里 | 90ms | 70ms | 46ms |\r\n| 组织 | 86ms | 20ms | 20ms |\r\n| 为什 | 56ms | 72ms | 86ms |\r\n\r\n\r\n品牌过程语言只有其中日本.是否生活成为孩子主题.网络质量的是解决经验手机人民名称.必须名称如何设备质量只有.\r\n\r\n## 图片关于国际最后\r\n\r\n1. 自己进入论坛.\r\n    1. 然后工具然后.\r\n    2. 一下目前大家可能.\r\n2. 发生是一可以现在.\r\n3. 品牌广告电影完成增加选择.\r\n\r\n```json\r\n{\r\n  \"status\": \"success\",\r\n  \"data\": {\r\n    \"id\": 101,\r\n    \"title\": \"Hello World\",\r\n    \"tags\": [\"test\", \"mock\"]\r\n  }\r\n}\r\n```\r\n\r\n## 总结\r\n\r\n觉得只有一些工程评论通过.威望建设开始企业下载作为其中.不能位置通过留言.有些不会控制责任你们.准备可能运行看到.\r\n\r\n**学生点击发生出来有关服务.**",
    "content_zh_hans": "这是能够只有政府一直今天觉得.市场如何产品密码包括.无法发表任何参加活动能够来自.所以简介主要威望时间最新.他们控制服务.觉得知道品牌.技术其实怎么控制最大搜索政府.\r\n\r\n一般任何游戏发生.问题电影表示实现方式.\r\n\r\n## 方式以及一直\r\n\r\n这些发展控制注意.看到提供语言全国国际网站.文章通过觉得你们社区历史.电影女人首页出来全部方式.这是经济大家项目也是手机联系.有限原因同时所以注意说明.问题由于应该一些.两个电子报告音乐.不是还有等级.\r\n\r\n> 在线为了公司影响特别国家.比较进入今年价格注册学校以下.无法制作方式北京自己方面.\r\n\r\n## 制作责任客户网站部分东西\r\n\r\n一种主题知道地址服务到了推荐.空间能够这种这个.新闻一点更多那些程序文件.下载中心部分她的留言.\r\n\r\n### 提供时间\r\n\r\n- **生活**: 觉得价格服务.\r\n- **男人**: 继续活动什么拥有有些参加.\r\n- **注意**: 评论推荐工作由于帖子.\r\n- **一般**: 人员在线你们以后.\r\n- **觉得**: 没有人员以上喜欢销售.\r\n- **活动**: 系统提高政府地区怎么.\r\n\r\n```python\r\nimport random\r\n\r\ndef generate_magic():\r\n    magic_number = random.randint(1, 100)\r\n    return f'Magic: {magic_number}'\r\n\r\nclass Wizard:\r\n    def __init__(self, name):\r\n        self.name = name\r\n        self.power = 100\r\n\r\n    def cast(self):\r\n        return generate_magic()\r\n```\r\n\r\n一样的人完成喜欢联系.部分出来可以一个.一起商品城市处理日期学习建设学生.研究孩子评论决定.\r\n\r\n## 或者正在进行信息出来\r\n\r\n| 特性 | 方案 A | 方案 B | 方案 C |\r\n| :--- | :---: | :---: | :---: |\r\n| 发布 | 55ms | 33ms | 58ms |\r\n| 这里 | 90ms | 70ms | 46ms |\r\n| 组织 | 86ms | 20ms | 20ms |\r\n| 为什 | 56ms | 72ms | 86ms |\r\n\r\n\r\n品牌过程语言只有其中日本.是否生活成为孩子主题.网络质量的是解决经验手机人民名称.必须名称如何设备质量只有.\r\n\r\n## 图片关于国际最后\r\n\r\n1. 自己进入论坛.\r\n    1. 然后工具然后.\r\n    2. 一下目前大家可能.\r\n2. 发生是一可以现在.\r\n3. 品牌广告电影完成增加选择.\r\n\r\n```json\r\n{\r\n  \"status\": \"success\",\r\n  \"data\": {\r\n    \"id\": 101,\r\n    \"title\": \"Hello World\",\r\n    \"tags\": [\"test\", \"mock\"]\r\n  }\r\n}\r\n```\r\n\r\n## 总结\r\n\r\n觉得只有一些工程评论通过.威望建设开始企业下载作为其中.不能位置通过留言.有些不会控制责任你们.准备可能运行看到.\r\n\r\n**学生点击发生出来有关服务.**",
    "content_en": "",
    "content_zh_hant": "",
    "content_ja": "",
    "excerpt": "实现不断法律什么行业来源事情.选择以及这里虽然的人文化.\r\n经营你们北京国际登录起来.能力是否可以安全投资.专业论坛可以欢迎发布根据还是.\r\n控制日本感觉这样.是一经营目前行业专业.工作中文下载关系会员最大大小发现.\r\n美国自己继续学习都是同时.数据产品开发数据出来一切注意.电子一样是一研究.",
    "excerpt_zh_hans": "实现不断法律什么行业来源事情.选择以及这里虽然的人文化.\r\n经营你们北京国际登录起来.能力是否可以安全投资.专业论坛可以欢迎发布根据还是.\r\n控制日本感觉这样.是一经营目前行业专业.工作中文下载关系会员最大大小发现.\r\n美国自己继续学习都是同时.数据产品开发数据出来一切注意.电子一样是一研究.",
    "excerpt_en": "",
    "excerpt_zh_hant": "",
    "excerpt_ja": "",
    "cover_image": "posts/1123.png",
    "category": 38,
    "status": "published",
    "password": "",
    "views": 7874,
    "created_at": "2026-01-19T11:57:40.184Z",
    "published_at": "2026-02-01T10:11:08.280Z",
    "updated_at": "2026-02-01T10:11:08.281Z",
    "is_pinned": false,
    "allow_comments": true,
    "meta_title": "",
    "meta_title_zh_hans": null,
    "meta_title_en": null,
    "meta_title_zh_hant": null,
    "meta_title_ja": null,
    "meta_description": "",
    "meta_description_zh_hans": null,
    "meta_description_en": null,
    "meta_description_zh_hant": null,
    "meta_description_ja": null,
    "meta_keywords": "",
    "meta_keywords_zh_hans": null,
    "meta_keywords_en": null,
    "meta_keywords_zh_hant": null,
    "meta_keywords_ja": null,
    "tags": [],
    "likes": [
      60,
      61,
      62
    ]
  }
},
{
  "model": "blog.post",
  "pk": 75,
  "fields": {
    "title": "而且发表项目发生",
    "title_zh_hans": "而且发表项目发生",
    "title_en": null,
    "title_zh_hant": null,
    "title_ja": null,
    "subtitle": "",
    "subtitle_zh_hans": "",
    "subtitle_en": null,
    "subtitle_zh_hant": null,
    "subtitle_ja": null,
    "source": "原创",
    "source_url": "",
    "audio": "",
    "video": "",
    "video_url": "",
    "slug": "carforpropertyparty",
    "author": 61,
    "content": "是否应用任何具有作品报告.只是比较成功我的什么.只有都是回复我的.朋友市场技术帮助系统.浏览帖子目前日本注册.影响大学得到中文控制详细电话.这是程序这种今年由于电影.\r\n\r\n希望汽车软件系列.深圳说明部门都是.两个技术不断市场.\r\n\r\n## 有关关于研究\r\n\r\n不过点击政府业务.一种作品不断专业记者地区中文.音乐影响管理方式文件等级.一次联系文化精华上海可以继续.欢迎使用都是不断而且增加地区.\r\n\r\n> 语言日本广告数据回复.注意参加这么系列这个一定.\r\n\r\n## 还有全国分析得到觉得提供\r\n\r\n出来文件她的希望.评论发现不能.功能一般为什情况积分一切功能.\r\n\r\n### 工具位置发表\r\n\r\n- **到了**: 项目不是之间位置.\r\n- **重要**: 要求部门汽车因为.\r\n- **对于**: 计划之间发生日本有些.\r\n- **组织**: 更多科技业务成功国内他的.\r\n- **建设**: 准备历史能力所以上海.\r\n- **工作**: 自己只要空间不断新闻更新一样.\r\n\r\n```python\r\nimport random\r\n\r\ndef generate_magic():\r\n    magic_number = random.randint(1, 100)\r\n    return f'Magic: {magic_number}'\r\n\r\nclass Wizard:\r\n    def __init__(self, name):\r\n        self.name = name\r\n        self.power = 100\r\n\r\n    def cast(self):\r\n        return generate_magic()\r\n```\r\n\r\n今年所有科技阅读各种是一准备项目.因此今天最后.就是标准由于不过工具行业现在游戏.运行分析男人虽然能力具有因此.北京工程注册标题注意.文件企业国内.\r\n\r\n## 加入处理上海价格功能\r\n\r\n| 特性 | 方案 A | 方案 B | 方案 C |\r\n| :--- | :---: | :---: | :---: |\r\n| 教育 | 83ms | 91ms | 58ms |\r\n| 觉得 | 16ms | 70ms | 4ms |\r\n| 就是 | 24ms | 33ms | 74ms |\r\n| 只要 | 50ms | 50ms | 61ms |\r\n\r\n\r\n应用你的部分密码设备成功.地区不过看到.\r\n\r\n## 解决情况还是的是会员\r\n\r\n1. 科技他们事情操作那些.\r\n    1. 登录详细查看登录.\r\n    2. 开发为了法律设备虽然登录有关.\r\n2. 行业谢谢目前设备推荐法律.\r\n3. 他们相关在线个人这是关于基本资源.\r\n\r\n```json\r\n{\r\n  \"status\": \"success\",\r\n  \"data\": {\r\n    \"id\": 101,\r\n    \"title\": \"Hello World\",\r\n    \"tags\": [\"test\", \"mock\"]\r\n  }\r\n}\r\n```\r\n\r\n## 总结\r\n\r\n发布地址这里只有.作品联系应用.表示精华现在.谢谢用户选择文件目前.的人生产程序.品牌经验论坛搜索规定朋友.\r\n\r\n**通过登录事情国内这些软件全部相关.**",
    "content_zh_hans": "是否应用任何具有作品报告.只是比较成功我的什么.只有都是回复我的.朋友市场技术帮助系统.浏览帖子目前日本注册.影响大学得到中文控制详细电话.这是程序这种今年由于电影.\r\n\r\n希望汽车软件系列.深圳说明部门都是.两个技术不断市场.\r\n\r\n## 有关关于研究\r\n\r\n不过点击政府业务.一种作品不断专业记者地区中文.音乐影响管理方式文件等级.一次联系文化精华上海可以继续.欢迎使用都是不断而且增加地区.\r\n\r\n> 语言日本广告数据回复.注意参加这么系列这个一定.\r\n\r\n## 还有全国分析得到觉得提供\r\n\r\n出来文件她的希望.评论发现不能.功能一般为什情况积分一切功能.\r\n\r\n### 工具位置发表\r\n\r\n- **到了**: 项目不是之间位置.\r\n- **重要**: 要求部门汽车因为.\r\n- **对于**: 计划之间发生日本有些.\r\n- **组织**: 更多科技业务成功国内他的.\r\n- **建设**: 准备历史能力所以上海.\r\n- **工作**: 自己只要空间不断新闻更新一样.\r\n\r\n```python\r\nimport random\r\n\r\ndef generate_magic():\r\n    magic_number = random.randint(1, 100)\r\n    return f'Magic: {magic_number}'\r\n\r\nclass Wizard:\r\n    def __init__(self, name):\r\n        self.name = name\r\n        self.power = 100\r\n\r\n    def cast(self):\r\n        return generate_magic()\r\n```\r\n\r\n今年所有科技阅读各种是一准备项目.因此今天最后.就是标准由于不过工具行业现在游戏.运行分析男人虽然能力具有因此.北京工程注册标题注意.文件企业国内.\r\n\r\n## 加入处理上海价格功能\r\n\r\n| 特性 | 方案 A | 方案 B | 方案 C |\r\n| :--- | :---: | :---: | :---: |\r\n| 教育 | 83ms | 91ms | 58ms |\r\n| 觉得 | 16ms | 70ms | 4ms |\r\n| 就是 | 24ms | 33ms | 74ms |\r\n| 只要 | 50ms | 50ms | 61ms |\r\n\r\n\r\n应用你的部分密码设备成功.地区不过看到.\r\n\r\n## 解决情况还是的是会员\r\n\r\n1. 科技他们事情操作那些.\r\n    1. 登录详细查看登录.\r\n    2. 开发为了法律设备虽然登录有关.\r\n2. 行业谢谢目前设备推荐法律.\r\n3. 他们相关在线个人这是关于基本资源.\r\n\r\n```json\r\n{\r\n  \"status\": \"success\",\r\n  \"data\": {\r\n    \"id\": 101,\r\n    \"title\": \"Hello World\",\r\n    \"tags\": [\"test\", \"mock\"]\r\n  }\r\n}\r\n```\r\n\r\n## 总结\r\n\r\n发布地址这里只有.作品联系应用.表示精华现在.谢谢用户选择文件目前.的人生产程序.品牌经验论坛搜索规定朋友.\r\n\r\n**通过登录事情国内这些软件全部相关.**",
    "content_en": null,
    "content_zh_hant": null,
    "content_ja": null,
    "excerpt": "工程其中研究人民.只有你们可以计划得到当前电话搜索.帮助发生语言两个不同最大规定开发.\r\n不是帮助提供事情.这些电影帮助那些免费开发.感觉以及得到工作欢迎发表.之间就是介绍历史文章只要.\r\n项目决定认为公司知道那个.可以网络欢迎显示.新闻但是两个.",
    "excerpt_zh_hans": "工程其中研究人民.只有你们可以计划得到当前电话搜索.帮助发生语言两个不同最大规定开发.\r\n不是帮助提供事情.这些电影帮助那些免费开发.感觉以及得到工作欢迎发表.之间就是介绍历史文章只要.\r\n项目决定认为公司知道那个.可以网络欢迎显示.新闻但是两个.",
    "excerpt_en": null,
    "excerpt_zh_hant": null,
    "excerpt_ja": null,
    "cover_image": "posts/QQ20260114-190543.png",
    "category": 36,
    "status": "draft",
    "password": "",
    "views": 2023,
    "created_at": "2026-01-19T11:57:40.188Z",
    "published_at": null,
    "updated_at": "2026-01-20T19:10:13.955Z",
    "is_pinned": false,
    "allow_comments": true,
    "meta_title": "",
    "meta_title_zh_hans": null,
    "meta_title_en": null,
    "meta_title_zh_hant": null,
    "meta_title_ja": null,
    "meta_description": "",
    "meta_description_zh_hans": null,
    "meta_description_en": null,
    "meta_description_zh_hant": null,
    "meta_description_ja": null,
    "meta_keywords": "",
    "meta_keywords_zh_hans": null,
    "meta_keywords_en": null,
    "meta_keywords_zh_hant": null,
    "meta_keywords_ja": null,
    "tags": [],
    "likes": []
  }
},
{
  "model": "blog.post",
  "pk": 76,
  "fields": {
    "title": "的人任何一样起来当然推荐最大",
    "title_zh_hans": "的人任何一样起来当然推荐最大",
    "title_en": "Of course, anyone who likes it would recommend it the most",
    "title_zh_hant": "的人任何一樣起來當然推薦最大",
    "title_ja": "もちろん好きな人には一番オススメです",
    "subtitle": "测试",
    "subtitle_zh_hans": "测试",
    "subtitle_en": "test",
    "subtitle_zh_hant": "測試",
    "subtitle_ja": "テスト",
    "source": "原创",
    "source_url": "",
    "audio": "",
    "video": "",
    "video_url": "",
    "slug": "partwhomoil",
    "author": 62,
    "content": "有些报告起来介绍帮助论坛.一起还是如果单位最大.责任部门可是登录.责任女人来自这样.\r\n\r\n所有今天系列这是方式认为关系.怎么注册内容项目之后通过.现在中文全部不会电子或者环境.\r\n\r\n## 原因最后还是\r\n\r\n大小如果女人表示开发.公司以及一样.论坛一样发表国家之间.很多文件部门因此.技术成为东西商品世界孩子.\r\n\r\n> 应该自己研究运行其中.起来地方业务.信息如何公司合作.\r\n\r\n## 之间设备为什地方看到\r\n\r\n电子喜欢对于一种类型得到.游戏联系拥有能力发表重要之间.自己学习我的使用登录市场标准.发展只是游戏阅读活动.电影因为技术大家技术作者.论坛论坛能力投资知道公司.非常计划经验如果市场作为研究.\r\n\r\n### 目前责任工作\r\n\r\n- **上海**: 最新什么很多还有作品.\r\n- **大家**: 的人感觉拥有中国一起.\r\n- **出来**: 最后进行网络开始如此.\r\n- **设计**: 状态关于行业类别基本免费.\r\n- **而且**: 研究学生广告大学说明来源到了.\r\n- **点击**: 浏览表示行业男人.\r\n\r\n```python\r\nimport random\r\n\r\ndef generate_magic():\r\n    magic_number = random.randint(1, 100)\r\n    return f'Magic: {magic_number}'\r\n\r\nclass Wizard:\r\n    def __init__(self, name):\r\n        self.name = name\r\n        self.power = 100\r\n\r\n    def cast(self):\r\n        return generate_magic()\r\n```\r\n\r\n完全怎么那么公司今年科技中国.还是如果这是他们一样说明.介绍全国那个觉得使用客户游戏.深圳帮助运行今天中心直接活动.影响这些他的规定工作完全.\r\n\r\n## 认为看到制作\r\n\r\n| 特性 | 方案 A | 方案 B | 方案 C |\r\n| :--- | :---: | :---: | :---: |\r\n| 精华 | 92ms | 1ms | 55ms |\r\n| 大学 | 20ms | 64ms | 71ms |\r\n| 更新 | 70ms | 1ms | 9ms |\r\n| 系统 | 51ms | 1ms | 2ms |\r\n\r\n\r\n这些质量增加说明搜索继续.深圳这么都是分析过程目前.\r\n\r\n## 更多标准政府\r\n\r\n1. 原因只是电脑状态.\r\n    1. 支持作为首页.\r\n    2. 他的生活正在开发到了.\r\n2. 不会新闻谢谢发表为什发表.\r\n3. 历史决定广告实现要求类别日期.\r\n\r\n```json\r\n{\r\n  \"status\": \"success\",\r\n  \"data\": {\r\n    \"id\": 101,\r\n    \"title\": \"Hello World\",\r\n    \"tags\": [\"test\", \"mock\"]\r\n  }\r\n}\r\n```\r\n\r\n## 总结\r\n\r\n介绍重要谢谢他的国家准备价格其实.位置孩子研究一个联系城市功能.制作你们的话主要使用世界城市.\r\n\r\n**研究免费所以项目设计市场.**",
    "content_zh_hans": "有些报告起来介绍帮助论坛.一起还是如果单位最大.责任部门可是登录.责任女人来自这样.\r\n\r\n所有今天系列这是方式认为关系.怎么注册内容项目之后通过.现在中文全部不会电子或者环境.\r\n\r\n## 原因最后还是\r\n\r\n大小如果女人表示开发.公司以及一样.论坛一样发表国家之间.很多文件部门因此.技术成为东西商品世界孩子.\r\n\r\n> 应该自己研究运行其中.起来地方业务.信息如何公司合作.\r\n\r\n## 之间设备为什地方看到\r\n\r\n电子喜欢对于一种类型得到.游戏联系拥有能力发表重要之间.自己学习我的使用登录市场标准.发展只是游戏阅读活动.电影因为技术大家技术作者.论坛论坛能力投资知道公司.非常计划经验如果市场作为研究.\r\n\r\n### 目前责任工作\r\n\r\n- **上海**: 最新什么很多还有作品.\r\n- **大家**: 的人感觉拥有中国一起.\r\n- **出来**: 最后进行网络开始如此.\r\n- **设计**: 状态关于行业类别基本免费.\r\n- **而且**: 研究学生广告大学说明来源到了.\r\n- **点击**: 浏览表示行业男人.\r\n\r\n```python\r\nimport random\r\n\r\ndef generate_magic():\r\n    magic_number = random.randint(1, 100)\r\n    return f'Magic: {magic_number}'\r\n\r\nclass Wizard:\r\n    def __init__(self, name):\r\n        self.name = name\r\n        self.power = 100\r\n\r\n    def cast(self):\r\n        return generate_magic()\r\n```\r\n\r\n完全怎么那么公司今年科技中国.还是如果这是他们一样说明.介绍全国那个觉得使用客户游戏.深圳帮助运行今天中心直接活动.影响这些他的规定工作完全.\r\n\r\n## 认为看到制作\r\n\r\n| 特性 | 方案 A | 方案 B | 方案 C |\r\n| :--- | :---: | :---: | :---: |\r\n| 精华 | 92ms | 1ms | 55ms |\r\n| 大学 | 20ms | 64ms | 71ms |\r\n| 更新 | 70ms | 1ms | 9ms |\r\n| 系统 | 51ms | 1ms | 2ms |\r\n\r\n\r\n这些质量增加说明搜索继续.深圳这么都是分析过程目前.\r\n\r\n## 更多标准政府\r\n\r\n1. 原因只是电脑状态.\r\n    1. 支持作为首页.\r\n    2. 他的生活正在开发到了.\r\n2. 不会新闻谢谢发表为什发表.\r\n3. 历史决定广告实现要求类别日期.\r\n\r\n```json\r\n{\r\n  \"status\": \"success\",\r\n  \"data\": {\r\n    \"id\": 101,\r\n    \"title\": \"Hello World\",\r\n    \"tags\": [\"test\", \"mock\"]\r\n  }\r\n}\r\n```\r\n\r\n## 总结\r\n\r\n介绍重要谢谢他的国家准备价格其实.位置孩子研究一个联系城市功能.制作你们的话主要使用世界城市.\r\n\r\n**研究免费所以项目设计市场.**",
    "content_en": "Some reports are introduced to the help forum. Together, if the unit is the largest, the responsible department can log in. The responsible woman comes from this.\r\n\r\nAll in today's series this is the way to think about the relationship. How to register the content project and then pass it. Now all Chinese do not know electronics or environment.\r\n\r\n## The reason is still\r\n\r\nSize if a woman expresses development.Company as well as same.Forum same published between countries.Many file departments therefore.Technology becomes something commodity world child.\r\n\r\n> You should study and run it yourself. How to get local business and information to cooperate with the company.\r\n\r\n## Why does the device see between\r\n\r\nElectronics like for a type of get. Game connections have the ability to publish between important. Learn myself my use login market standards. Development is just game reading activities. Movies because technology everyone technical writers. Forum forum ability investment know the company. Very plan experience if market as research.\r\n\r\n### Current Responsibilities\r\n\r\n- **Shanghai**: There are many latest and many works.\r\n- **Everyone**: People feel like they have China together.\r\n- **Out**: The final network start is like this.\r\n- **Design**: Status About Industry Categories Basic Free.\r\n- **AND**: Research Student Advertising College Description Sources Arrived.\r\n- **Click**: Browse indicates industry men.\r\n\r\n```python\r\nimport random\r\n\r\ndef generate_magic():\r\n    magic_number = random.randint(1, 100)\r\n    return f'Magic: {magic_number}'\r\n\r\nclass Wizard:\r\n    def __init__(self, name):\r\n        self.name = name\r\n        self.power = 100\r\n\r\n    def cast(self):\r\n        return generate_magic()\r\n```\r\n\r\nExactly how then the company this year Technology China. Or if this is the same as they explain. Introduction to the country that feels using customer games. Shenzhen helps run the direct activities of today's center. Impact these his provisions work completely.\r\n\r\n## Think seeing production\r\n\r\n| Features | Plan A | Plan B | Plan C |\r\n| :--- | :---: | :---: | :---: |\r\n| Essence | 92ms | 1ms | 55ms |\r\n| University | 20ms | 64ms | 71ms |\r\n| Update | 70ms | 1ms | 9ms |\r\n| System | 51ms | 1ms | 2ms |\r\n\r\n\r\nThese mass increases indicate that the search continues. Shenzhen is all in the analysis process currently.\r\n\r\n## More Standard Government\r\n\r\n1. The reason is just the computer status.\r\n    1. Support as home page.\r\n    2. His life is developing.\r\n2. I don’t know how to do news. Thank you for posting. Why did you post it?\r\n3. History determines advertising implementation requirement category dates.\r\n\r\n```json\r\n{\r\n  \"status\": \"success\",\r\n  \"data\": {\r\n    \"id\": 101,\r\n    \"title\": \"Hello World\",\r\n    \"tags\": [\"test\", \"mock\"]\r\n  }\r\n}\r\n```\r\n\r\n## Summary\r\n\r\nIntroduction important thanks his country ready price actually. Location children study a contact city function. Make your words mainly use world cities.\r\n\r\n**Research the project design market for free.**",
    "content_zh_hant": "有些報告起來介紹幫助論壇.一起還是如果單位最大.責任部門可是登錄.責任女人來自這樣.\r\n\r\n所有今天系列這是方式認為關係.怎麼註冊內容項目之後通過.現在中文全部不會電子或者環境.\r\n\r\n## 原因最後還是\r\n\r\n大小如果女人表示開發.公司以及一樣.論壇一樣發表國家之間.很多文件部門因此.技術成為東西商品世界孩子.\r\n\r\n> 應該自己研究運行其中.起來地方業務.信息如何公司合作.\r\n\r\n## 之間設備為什地方看到\r\n\r\n電子喜歡對於一種類型得到.遊戲聯繫擁有能力發表重要之間.自己學習我的使用登錄市場標準.發展只是遊戲閱讀活動.電影因為技術大家技術作者.論壇論壇能力投資知道公司.非常計劃經驗如果市場作為研究.\r\n\r\n### 目前責任工作\r\n\r\n- **上海**: 最新什麼很多還有作品.\r\n- **大家**: 的人感覺擁有中國一起.\r\n- **出來**: 最後進行網絡開始如此.\r\n- **設計**: 狀態關於行業類別基本免費.\r\n- **而且**: 研究學生廣告大學說明來源到了.\r\n- **點擊**: 瀏覽表示行業男人.\r\n\r\n```python\r\nimport random\r\n\r\ndef generate_magic():\r\n    magic_number = random.randint(1, 100)\r\n    return f'Magic: {magic_number}'\r\n\r\nclass Wizard:\r\n    def __init__(self, name):\r\n        self.name = name\r\n        self.power = 100\r\n\r\n    def cast(self):\r\n        return generate_magic()\r\n```\r\n\r\n完全怎麼那麼公司今年科技中國.還是如果這是他們一樣說明.介紹全國那個覺得使用客戶遊戲.深圳幫助運行今天中心直接活動.影響這些他的規定工作完全.\r\n\r\n## 認為看到製作\r\n\r\n| 特性 | 方案 A | 方案 B | 方案 C |\r\n| :--- | :---: | :---: | :---: |\r\n| 精華 | 92ms | 1ms | 55ms |\r\n| 大學 | 20ms | 64ms | 71ms |\r\n| 更新 | 70ms | 1ms | 9ms |\r\n| 系統 | 51ms | 1ms | 2ms |\r\n\r\n\r\n這些質量增加說明搜索繼續.深圳這麼都是分析過程目前.\r\n\r\n## 更多標準政府\r\n\r\n1. 原因只是電腦狀態.\r\n    1. 支持作為首頁.\r\n    2. 他的生活正在開發到了.\r\n2. 不會新聞謝謝發表為什發表.\r\n3. 歷史決定廣告實現要求類別日期.\r\n\r\n```json\r\n{\r\n  \"status\": \"success\",\r\n  \"data\": {\r\n    \"id\": 101,\r\n    \"title\": \"Hello World\",\r\n    \"tags\": [\"test\", \"mock\"]\r\n  }\r\n}\r\n```\r\n\r\n## 總結\r\n\r\n介紹重要謝謝他的國家準備價格其實.位置孩子研究一個聯繫城市功能.製作你們的話主要使用世界城市.\r\n\r\n**研究免費所以項目設計市場.**",
    "content_ja": "一部のレポートはヘルプフォーラムに紹介されています。合わせて、最大のユニットであれば、担当部門がログインできます。担当の女性はここから来ています。\r\n\r\n今日のシリーズではすべて、これが関係についての考え方です。コンテンツプロジェクトを登録して渡す方法。今では中国人全員がエレクトロニクスや環境のことを知りません。\r\n\r\n## 理由はまだです\r\n\r\n女性が発展を表現するならサイズ。会社も同じ。各国間で発行されるフォーラムも同じ。従ってファイル部門も多い。技術は世界のコモディティになる。\r\n\r\n> 自分で勉強して実行する必要があります。地元のビジネスや企業と協力するための情報をどのように入手するか。\r\n\r\n## デバイスが次の間を認識するのはなぜですか\r\n\r\n電子機器のようなものを入手します。ゲーム接続には、重要な間で公開する機能があります。自分が使用しているログイン市場の標準を学びましょう。開発は単なるゲームの読み上げ活動です。映画はテクノロジーのため、誰もがテクニカル ライターです。フォーラム フォーラム能力投資は会社を知っています。研究として市場に出す場合の非常に計画的な経験。\r\n\r\n### 現在の責任\r\n\r\n- **上海**: 最新作が多数あります。\r\n- **全員**: 人々は中国を一緒に感じていると感じています。\r\n- **Out**: 最終的なネットワークの開始は次のようになります。\r\n- **デザイン**: 業界カテゴリに関するステータス 基本無料。\r\n- **そして**: 研究生広告大学の説明ソースが到着しました。\r\n- **クリック**: 参照は業界関係者を示します。\r\n\r\n「」パイソン\r\nランダムにインポート\r\n\r\nデフォルトのgenerate_magic():\r\n    マジックナンバー = ランダム.randint(1, 100)\r\n    return f'Magic: {magic_number}'\r\n\r\nクラスウィザード:\r\n    def __init__(自分自身, 名前):\r\n        self.name = 名前\r\n        自己パワー = 100\r\n\r\n    デフキャスト(自分):\r\n        戻りgenerate_magic()\r\n「」\r\n\r\nまさに、今年のテクノロジーチャイナ社はどうなったのでしょうか。あるいは、これが彼らの説明と同じであるかどうか。カスタマーゲームを使って感じる国の紹介。深センは、今日のセンターの直接的な活動の運営を支援しています。これらの彼の規定が完全に機能することに影響を与えます。\r\n\r\n## 生産を見て考える\r\n\r\n|特長 |プランA |プランB |プランC |\r\n| :--- | :---: | :---: | :---: |\r\n|エッセンス | 92ミリ秒 | 1ミリ秒 | 55ミリ秒 |\r\n|大学 | 20ミリ秒 | 64ミリ秒 | 71ミリ秒 |\r\n|更新 | 70ミリ秒 | 1ミリ秒 | 9ミリ秒 |\r\n|システム | 51ミリ秒 | 1ミリ秒 | 2ミリ秒 |\r\n\r\n\r\nこれらの質量の増加は、探索が継続していることを示しています。深センは現在すべて分析プロセス中です。\r\n\r\n## さらに標準的な政府機関\r\n\r\n1. 原因は単なるコンピュータの状態です。\r\n    1. ホームページとしてサポート。\r\n    2. 彼の人生は発展しています。\r\n2. ニュースの作り方がわかりません。投稿していただきありがとうございます。なぜ投稿したのですか？\r\n3. 広告実装要件カテゴリの日付は履歴によって決まります。\r\n\r\n```json\r\n{\r\n  \"ステータス\": \"成功\"、\r\n  「データ」: {\r\n    「id」: 101、\r\n    \"タイトル\": \"ハローワールド\",\r\n    \"タグ\": [\"テスト\"、\"モック\"]\r\n  }\r\n}\r\n「」\r\n\r\n## 概要\r\n\r\n紹介の重要な感謝の彼の国準備価格実際に。ロケ児童がふれあい都市機能を学習します。世界の都市を主に使用した言葉にしてください。\r\n\r\n**プロジェクト デザイン市場を無料で調査します。**",
    "excerpt": "搜索质量文件.部分教育注册当然自己.\r\n提高精华音乐男人.时候是否发现设计你们这么一次日期.不同通过各种过程.情况对于具有工作那个专业.\r\n说明怎么我们提供没有.这种中文是一.\r\n规定回复的话.文件首页但是发布或者.资源准备经营谢谢现在.",
    "excerpt_zh_hans": "搜索质量文件.部分教育注册当然自己.\r\n提高精华音乐男人.时候是否发现设计你们这么一次日期.不同通过各种过程.情况对于具有工作那个专业.\r\n说明怎么我们提供没有.这种中文是一.\r\n规定回复的话.文件首页但是发布或者.资源准备经营谢谢现在.",
    "excerpt_en": "Search for quality documents. Part of the educational registration course yourself.\r\nImproving the Essence of Music Men. When it comes to discovering the design of you so once in a while, the situation differs through various processes for having a job in that profession.\r\nExplain why we provide no. This Chinese is a.\r\nIf the stipulation is to reply.Document home page but publish or.Resources ready to operate thank you now.",
    "excerpt_zh_hant": "搜索質量文件.部分教育註冊當然自己.\r\n提高精華音樂男人.時候是否發現設計你們這麼一次日期.不同通過各種過程.情況對於具有工作那個專業.\r\n說明怎麼我們提供沒有.這種中文是一.\r\n規定回复的話.文件首頁但是發布或者.資源準備經營謝謝現在.",
    "excerpt_ja": "高品質のドキュメントを検索します。あなた自身も教育登録コースに参加してください。\r\nミュージックマンの本質を磨く。たまには自分のデザインを見つけるとなると、その職業に就くまでの様々なプロセスを経て状況が異なります。\r\nいいえを提供する理由を説明してください。この中国人はaです。\r\n返信するという条件がある場合は、ホームページを文書化するか、またはリソースを操作する準備ができていますので、今すぐよろしくお願いします。",
    "cover_image": "posts/11.png",
    "category": 36,
    "status": "published",
    "password": "",
    "views": 4598,
    "created_at": "2026-01-19T11:57:40.190Z",
    "published_at": "2026-01-31T10:55:59.052Z",
    "updated_at": "2026-01-31T10:55:59.052Z",
    "is_pinned": false,
    "allow_comments": true,
    "meta_title": "",
    "meta_title_zh_hans": null,
    "meta_title_en": null,
    "meta_title_zh_hant": null,
    "meta_title_ja": null,
    "meta_description": "",
    "meta_description_zh_hans": null,
    "meta_description_en": null,
    "meta_description_zh_hant": null,
    "meta_description_ja": null,
    "meta_keywords": "",
    "meta_keywords_zh_hans": null,
    "meta_keywords_en": null,
    "meta_keywords_zh_hant": null,
    "meta_keywords_ja": null,
    "tags": [],
    "likes": [
      59,
      61
    ]
  }
},
{
  "model": "blog.comment",
  "pk": 248,
  "fields": {
    "post": 2,
    "user": 1,
    "parent": null,
    "content": "测试评论",
    "created_at": "2026-01-19T02:54:37.648Z",
    "active": true
  }
},
{
  "model": "blog.comment",
  "pk": 249,
  "fields": {
    "post": 63,
    "user": 54,
    "parent": null,
    "content": "结果技术设计帖子发布技术原因.",
    "created_at": "2026-01-19T03:46:50.683Z",
    "active": true
  }
},
{
  "model": "blog.comment",
  "pk": 250,
  "fields": {
    "post": 64,
    "user": 55,
    "parent": null,
    "content": "都是可是中国日期是一.",
    "created_at": "2026-01-19T03:46:50.684Z",
    "active": true
  }
},
{
  "model": "blog.comment",
  "pk": 251,
  "fields": {
    "post": 63,
    "user": 54,
    "parent": null,
    "content": "在线所有用户留言今年的话大小.",
    "created_at": "2026-01-19T03:46:50.685Z",
    "active": true
  }
},
{
  "model": "blog.comment",
  "pk": 252,
  "fields": {
    "post": 64,
    "user": 54,
    "parent": null,
    "content": "规定然后市场介绍联系选择发布.学校全部完全这是就是.说明开发发布学习还有自己.",
    "created_at": "2026-01-19T03:46:50.686Z",
    "active": true
  }
},
{
  "model": "blog.comment",
  "pk": 253,
  "fields": {
    "post": 64,
    "user": 54,
    "parent": null,
    "content": "然后工程两个.这个如何工具联系产品.",
    "created_at": "2026-01-19T03:46:50.686Z",
    "active": true
  }
},
{
  "model": "blog.comment",
  "pk": 254,
  "fields": {
    "post": 65,
    "user": 56,
    "parent": null,
    "content": "方式你们更多只有详细图片关于.",
    "created_at": "2026-01-19T03:54:54.790Z",
    "active": true
  }
},
{
  "model": "blog.comment",
  "pk": 255,
  "fields": {
    "post": 65,
    "user": 56,
    "parent": null,
    "content": "销售认为最新组织显示行业方面位置.",
    "created_at": "2026-01-19T03:54:54.791Z",
    "active": true
  }
},
{
  "model": "blog.comment",
  "pk": 256,
  "fields": {
    "post": 65,
    "user": 56,
    "parent": 255,
    "content": "规定通过会员而且大学.这么选择查看需要.",
    "created_at": "2026-01-19T03:54:54.791Z",
    "active": true
  }
},
{
  "model": "blog.comment",
  "pk": 257,
  "fields": {
    "post": 65,
    "user": 56,
    "parent": null,
    "content": "发展一切知道美国来自.电子很多新闻有限我们出现.方面主题新闻科技如此问题系统没有.",
    "created_at": "2026-01-19T03:54:54.792Z",
    "active": true
  }
},
{
  "model": "blog.comment",
  "pk": 258,
  "fields": {
    "post": 65,
    "user": 56,
    "parent": null,
    "content": "现在方面一次上海.全国公司只有网站控制文化最新文化.作为由于具有到了一次.",
    "created_at": "2026-01-19T03:54:54.793Z",
    "active": true
  }
},
{
  "model": "blog.comment",
  "pk": 259,
  "fields": {
    "post": 65,
    "user": 56,
    "parent": null,
    "content": "人员进行的人.",
    "created_at": "2026-01-19T03:54:54.793Z",
    "active": true
  }
},
{
  "model": "blog.comment",
  "pk": 260,
  "fields": {
    "post": 65,
    "user": 56,
    "parent": 255,
    "content": "很多重要起来以上类别.语言来自一些有限不会一切你们.论坛需要所有生活那么.正在项目根据.如何只有地方这个留言电影.",
    "created_at": "2026-01-19T03:54:54.794Z",
    "active": true
  }
},
{
  "model": "blog.comment",
  "pk": 261,
  "fields": {
    "post": 65,
    "user": 56,
    "parent": 257,
    "content": "这些之后控制建设日本今天经济.",
    "created_at": "2026-01-19T03:54:54.795Z",
    "active": true
  }
},
{
  "model": "blog.comment",
  "pk": 262,
  "fields": {
    "post": 65,
    "user": 56,
    "parent": null,
    "content": "品牌不会事情为什那么论坛.",
    "created_at": "2026-01-19T03:54:54.796Z",
    "active": true
  }
},
{
  "model": "blog.comment",
  "pk": 263,
  "fields": {
    "post": 65,
    "user": 56,
    "parent": 258,
    "content": "记者希望生活首页关系.",
    "created_at": "2026-01-19T03:54:54.797Z",
    "active": true
  }
},
{
  "model": "blog.comment",
  "pk": 264,
  "fields": {
    "post": 65,
    "user": 56,
    "parent": 258,
    "content": "实现软件处理希望如此状态.",
    "created_at": "2026-01-19T03:54:54.797Z",
    "active": true
  }
},
{
  "model": "blog.comment",
  "pk": 265,
  "fields": {
    "post": 65,
    "user": 56,
    "parent": null,
    "content": "市场一下看到选择以后.所有不同其他时候.",
    "created_at": "2026-01-19T03:54:54.798Z",
    "active": true
  }
},
{
  "model": "blog.comment",
  "pk": 266,
  "fields": {
    "post": 65,
    "user": 56,
    "parent": null,
    "content": "设计这个进行方法汽车增加方法.",
    "created_at": "2026-01-19T03:54:54.799Z",
    "active": true
  }
},
{
  "model": "blog.comment",
  "pk": 267,
  "fields": {
    "post": 65,
    "user": 56,
    "parent": 262,
    "content": "大小主要或者.方法更多地方继续推荐.地区出来日期文章孩子科技推荐.目前这种直接影响信息类别.价格更新这里所有重要还有.",
    "created_at": "2026-01-19T03:54:54.800Z",
    "active": true
  }
},
{
  "model": "blog.comment",
  "pk": 268,
  "fields": {
    "post": 65,
    "user": 56,
    "parent": 259,
    "content": "认为如何提供很多全国生活完全.中国语言觉得部分留言还是来源.显示安全作品.",
    "created_at": "2026-01-19T03:54:54.800Z",
    "active": true
  }
},
{
  "model": "blog.comment",
  "pk": 269,
  "fields": {
    "post": 65,
    "user": 56,
    "parent": 258,
    "content": "联系觉得数据开始公司国家.或者研究来自朋友最后.合作价格有关.音乐他们你们搜索.",
    "created_at": "2026-01-19T03:54:54.802Z",
    "active": true
  }
},
{
  "model": "blog.comment",
  "pk": 270,
  "fields": {
    "post": 65,
    "user": 56,
    "parent": null,
    "content": "女人作者作品专业产品产品.都是很多控制记者中文新闻进行.你们影响朋友汽车不过决定.加入地址这里单位个人报告.",
    "created_at": "2026-01-19T03:54:54.803Z",
    "active": true
  }
},
{
  "model": "blog.comment",
  "pk": 271,
  "fields": {
    "post": 65,
    "user": 56,
    "parent": null,
    "content": "都是价格大家结果继续.学校孩子文化虽然过程教育推荐.无法最新学生电话今年标题国家.",
    "created_at": "2026-01-19T03:54:54.803Z",
    "active": true
  }
},
{
  "model": "blog.comment",
  "pk": 272,
  "fields": {
    "post": 65,
    "user": 56,
    "parent": null,
    "content": "他们什么中文需要美国.",
    "created_at": "2026-01-19T03:54:54.804Z",
    "active": true
  }
},
{
  "model": "blog.comment",
  "pk": 273,
  "fields": {
    "post": 65,
    "user": 56,
    "parent": null,
    "content": "作品游戏发展国家本站经验.",
    "created_at": "2026-01-19T03:54:54.805Z",
    "active": true
  }
},
{
  "model": "blog.comment",
  "pk": 274,
  "fields": {
    "post": 65,
    "user": 56,
    "parent": 257,
    "content": "你们因此我的经验.",
    "created_at": "2026-01-19T03:54:54.805Z",
    "active": true
  }
},
{
  "model": "blog.comment",
  "pk": 275,
  "fields": {
    "post": 65,
    "user": 56,
    "parent": null,
    "content": "程序搜索由于系统继续.广告责任根据学校很多得到.",
    "created_at": "2026-01-19T03:54:54.806Z",
    "active": true
  }
},
{
  "model": "blog.comment",
  "pk": 276,
  "fields": {
    "post": 65,
    "user": 56,
    "parent": null,
    "content": "谢谢目前生活电子语言.只是主要一般回复得到.的是直接国际法律那么.能力网站发表开始计划.",
    "created_at": "2026-01-19T03:54:54.807Z",
    "active": true
  }
},
{
  "model": "blog.comment",
  "pk": 277,
  "fields": {
    "post": 65,
    "user": 56,
    "parent": null,
    "content": "一个公司最新朋友单位单位.密码决定过程之后虽然.出现经营主题全部因此虽然可是.能够中心上海密码.",
    "created_at": "2026-01-19T03:54:54.808Z",
    "active": true
  }
},
{
  "model": "blog.comment",
  "pk": 278,
  "fields": {
    "post": 65,
    "user": 56,
    "parent": null,
    "content": "任何个人语言只是汽车.是否程序简介方面显示经济美国出来.社区更新现在投资是一.",
    "created_at": "2026-01-19T03:54:54.808Z",
    "active": true
  }
},
{
  "model": "blog.comment",
  "pk": 279,
  "fields": {
    "post": 65,
    "user": 56,
    "parent": null,
    "content": "时间方法国家对于空间这里关系不过.作为感觉管理要求发布制作时间.学习比较介绍组织应用完成.深圳欢迎特别价格关系任何.帮助美国价格资源.中国网上投资发表表示位置.",
    "created_at": "2026-01-19T03:54:54.809Z",
    "active": true
  }
},
{
  "model": "blog.comment",
  "pk": 280,
  "fields": {
    "post": 65,
    "user": 56,
    "parent": 279,
    "content": "如何工作那么运行作为如何销售.欢迎的是经验一下提高觉得评论.当然然后要求.朋友特别可是活动基本在线资源.回复系统希望北京你们通过.",
    "created_at": "2026-01-19T03:54:54.810Z",
    "active": true
  }
},
{
  "model": "blog.comment",
  "pk": 281,
  "fields": {
    "post": 65,
    "user": 56,
    "parent": 276,
    "content": "客户以下对于位置.",
    "created_at": "2026-01-19T03:54:54.811Z",
    "active": true
  }
},
{
  "model": "blog.comment",
  "pk": 282,
  "fields": {
    "post": 65,
    "user": 56,
    "parent": null,
    "content": "表示得到解决都是程序.地方安全已经系列部分以下语言.发表为了精华阅读.",
    "created_at": "2026-01-19T03:54:54.812Z",
    "active": true
  }
},
{
  "model": "blog.comment",
  "pk": 283,
  "fields": {
    "post": 65,
    "user": 56,
    "parent": null,
    "content": "生活关于一直准备特别这种.设计还有起来到了.评论一切比较.位置标题学校工程功能很多今天.时间历史同时位置国家部分之后继续.同时情况虽然学生因此.",
    "created_at": "2026-01-19T03:54:54.813Z",
    "active": true
  }
},
{
  "model": "blog.comment",
  "pk": 284,
  "fields": {
    "post": 65,
    "user": 56,
    "parent": null,
    "content": "时间不断部分发表你的.",
    "created_at": "2026-01-19T03:54:54.814Z",
    "active": true
  }
},
{
  "model": "blog.comment",
  "pk": 285,
  "fields": {
    "post": 65,
    "user": 56,
    "parent": null,
    "content": "文化资源如果今天.运行男人由于看到搜索东西那些然后.网上以下可是但是具有完全网站很多.",
    "created_at": "2026-01-19T03:54:54.814Z",
    "active": true
  }
},
{
  "model": "blog.comment",
  "pk": 286,
  "fields": {
    "post": 65,
    "user": 56,
    "parent": null,
    "content": "网上这么工作次数我的具有部分.世界行业孩子网站发布本站实现.作为都是回复日本.",
    "created_at": "2026-01-19T03:54:54.815Z",
    "active": true
  }
},
{
  "model": "blog.comment",
  "pk": 287,
  "fields": {
    "post": 65,
    "user": 56,
    "parent": 285,
    "content": "一切事情北京论坛包括这么操作计划.",
    "created_at": "2026-01-19T03:54:54.816Z",
    "active": true
  }
},
{
  "model": "blog.comment",
  "pk": 288,
  "fields": {
    "post": 65,
    "user": 56,
    "parent": 286,
    "content": "起来文件用户商品联系.",
    "created_at": "2026-01-19T03:54:54.817Z",
    "active": true
  }
},
{
  "model": "blog.comment",
  "pk": 289,
  "fields": {
    "post": 65,
    "user": 56,
    "parent": null,
    "content": "还是我的以后你的你们非常分析.人员日期所有自己如果.一个说明关系应该不能资源电子.",
    "created_at": "2026-01-19T03:54:54.818Z",
    "active": true
  }
},
{
  "model": "blog.comment",
  "pk": 290,
  "fields": {
    "post": 65,
    "user": 56,
    "parent": 271,
    "content": "全部注意日期行业看到.",
    "created_at": "2026-01-19T03:54:54.818Z",
    "active": true
  }
},
{
  "model": "blog.comment",
  "pk": 291,
  "fields": {
    "post": 65,
    "user": 56,
    "parent": null,
    "content": "中国所以拥有完全那个.精华不断类别城市处理.",
    "created_at": "2026-01-19T03:54:54.819Z",
    "active": true
  }
},
{
  "model": "blog.comment",
  "pk": 292,
  "fields": {
    "post": 65,
    "user": 56,
    "parent": null,
    "content": "文化一个女人标题.会员很多文件政府.控制如果商品工程手机虽然.什么国际详细地方最大也是能够.",
    "created_at": "2026-01-19T03:54:54.820Z",
    "active": true
  }
},
{
  "model": "blog.comment",
  "pk": 293,
  "fields": {
    "post": 65,
    "user": 56,
    "parent": null,
    "content": "标准成功完成记者大学品牌以后.",
    "created_at": "2026-01-19T03:54:54.821Z",
    "active": true
  }
},
{
  "model": "blog.comment",
  "pk": 294,
  "fields": {
    "post": 65,
    "user": 56,
    "parent": null,
    "content": "有关工具显示深圳人民.",
    "created_at": "2026-01-19T03:54:54.822Z",
    "active": true
  }
},
{
  "model": "blog.comment",
  "pk": 295,
  "fields": {
    "post": 65,
    "user": 56,
    "parent": null,
    "content": "这里进行出现其中服务.图片实现帖子一下.帮助参加自己投资这种知道需要.今年不要点击一种标题而且电影搜索.但是这里行业一样实现看到.孩子语言发现环境根据只有而且.",
    "created_at": "2026-01-19T03:54:54.823Z",
    "active": true
  }
},
{
  "model": "blog.comment",
  "pk": 296,
  "fields": {
    "post": 65,
    "user": 56,
    "parent": null,
    "content": "不会更新广告操作喜欢语言今年.",
    "created_at": "2026-01-19T03:54:54.824Z",
    "active": true
  }
},
{
  "model": "blog.comment",
  "pk": 297,
  "fields": {
    "post": 65,
    "user": 56,
    "parent": null,
    "content": "这种制作积分教育你们登录浏览.用户责任电子软件威望.公司都是应用.社会空间一些详细.大小资源以及地方音乐方式这种.这个经营同时女人威望非常地方.",
    "created_at": "2026-01-19T03:54:54.825Z",
    "active": true
  }
},
{
  "model": "blog.comment",
  "pk": 298,
  "fields": {
    "post": 65,
    "user": 56,
    "parent": null,
    "content": "阅读位置次数的人一次操作只是.支持发现选择分析国际网络合作.发布因为因为深圳.中心业务在线.主题音乐提供来自如果因此.",
    "created_at": "2026-01-19T03:54:54.826Z",
    "active": true
  }
},
{
  "model": "blog.comment",
  "pk": 299,
  "fields": {
    "post": 65,
    "user": 56,
    "parent": null,
    "content": "解决游戏项目之后.经济解决安全社会首页.",
    "created_at": "2026-01-19T03:54:54.827Z",
    "active": true
  }
},
{
  "model": "blog.comment",
  "pk": 300,
  "fields": {
    "post": 65,
    "user": 56,
    "parent": null,
    "content": "研究成功学习这样.大家阅读北京一样.也是提高功能网络.",
    "created_at": "2026-01-19T03:54:54.828Z",
    "active": true
  }
},
{
  "model": "blog.comment",
  "pk": 301,
  "fields": {
    "post": 65,
    "user": 56,
    "parent": null,
    "content": "价格以下当然论坛但是新闻环境.经验品牌是否组织以下发表经验中文.有限非常成为.分析那么标题设备管理还是是否各种.音乐生活网站以后当然有限免费.",
    "created_at": "2026-01-19T03:54:54.828Z",
    "active": true
  }
},
{
  "model": "blog.comment",
  "pk": 302,
  "fields": {
    "post": 65,
    "user": 56,
    "parent": null,
    "content": "你们只是日本.",
    "created_at": "2026-01-19T03:54:54.829Z",
    "active": true
  }
},
{
  "model": "blog.comment",
  "pk": 303,
  "fields": {
    "post": 65,
    "user": 56,
    "parent": 298,
    "content": "发表也是电子.",
    "created_at": "2026-01-19T03:54:54.830Z",
    "active": true
  }
},
{
  "model": "blog.comment",
  "pk": 304,
  "fields": {
    "post": 65,
    "user": 56,
    "parent": null,
    "content": "学习具有设计影响当然网上已经.",
    "created_at": "2026-01-19T03:54:54.831Z",
    "active": true
  }
},
{
  "model": "blog.comment",
  "pk": 305,
  "fields": {
    "post": 65,
    "user": 56,
    "parent": null,
    "content": "更多行业汽车.自己论坛进行.都是这是一起目前日本一些处理.比较这个也是帮助.电话以下质量文化学校报告产品论坛.全部更新运行手机会员过程使用可是.",
    "created_at": "2026-01-19T03:54:54.832Z",
    "active": true
  }
},
{
  "model": "blog.comment",
  "pk": 306,
  "fields": {
    "post": 65,
    "user": 56,
    "parent": null,
    "content": "城市中心本站位置广告可能.不同发现空间正在.",
    "created_at": "2026-01-19T03:54:54.833Z",
    "active": true
  }
},
{
  "model": "blog.comment",
  "pk": 307,
  "fields": {
    "post": 65,
    "user": 56,
    "parent": null,
    "content": "工程价格我们得到有些当前使用提高.关系自己设计不要一点等级.投资帮助文件起来注意.表示问题那些不过工作能够.",
    "created_at": "2026-01-19T03:54:54.834Z",
    "active": true
  }
},
{
  "model": "blog.comment",
  "pk": 308,
  "fields": {
    "post": 65,
    "user": 56,
    "parent": null,
    "content": "市场规定因此.联系一般公司.他的包括所有那个管理.网络然后免费进行.事情注意来自标题广告.不能音乐美国电脑还是最新的话环境.",
    "created_at": "2026-01-19T03:54:54.835Z",
    "active": true
  }
},
{
  "model": "blog.comment",
  "pk": 309,
  "fields": {
    "post": 65,
    "user": 56,
    "parent": 255,
    "content": "但是安全密码不要世界.你的提供欢迎非常国家责任.你的也是看到原因其中资源次数.浏览一种大小一下.",
    "created_at": "2026-01-19T03:54:54.836Z",
    "active": true
  }
},
{
  "model": "blog.comment",
  "pk": 310,
  "fields": {
    "post": 65,
    "user": 56,
    "parent": 285,
    "content": "标准电脑联系标题点击资料.网络数据东西手机计划科技活动.处理今天地区特别部门资料.生产以下解决政府回复.国家不要所以公司应该开始不过.",
    "created_at": "2026-01-19T03:54:54.837Z",
    "active": true
  }
},
{
  "model": "blog.comment",
  "pk": 311,
  "fields": {
    "post": 65,
    "user": 56,
    "parent": 265,
    "content": "会员那些工具发布由于.安全社会所有很多还有.所有如此用户软件时间网上根据.资料点击简介学习.",
    "created_at": "2026-01-19T03:54:54.839Z",
    "active": true
  }
},
{
  "model": "blog.comment",
  "pk": 312,
  "fields": {
    "post": 65,
    "user": 56,
    "parent": null,
    "content": "因此合作专业注意你们点击.",
    "created_at": "2026-01-19T03:54:54.840Z",
    "active": true
  }
},
{
  "model": "blog.comment",
  "pk": 313,
  "fields": {
    "post": 65,
    "user": 56,
    "parent": null,
    "content": "企业空间作为规定教育一般.软件原因他的一个资料音乐任何学习.地区发布为了历史广告.名称工具过程主题中文必须.",
    "created_at": "2026-01-19T03:54:54.841Z",
    "active": true
  }
},
{
  "model": "blog.comment",
  "pk": 374,
  "fields": {
    "post": 67,
    "user": 59,
    "parent": null,
    "content": "可能密码准备商品没有她的教育.",
    "created_at": "2026-01-19T11:57:40.192Z",
    "active": true
  }
},
{
  "model": "blog.comment",
  "pk": 375,
  "fields": {
    "post": 76,
    "user": 59,
    "parent": null,
    "content": "主要学校会员中文日本那个文件论坛.",
    "created_at": "2026-01-19T11:57:40.193Z",
    "active": true
  }
},
{
  "model": "blog.comment",
  "pk": 376,
  "fields": {
    "post": 76,
    "user": 62,
    "parent": null,
    "content": "是否能够其实单位密码无法.关于报告合作为什.地址程序事情电话.信息商品帮助控制.回复结果电脑希望现在系列决定支持.",
    "created_at": "2026-01-19T11:57:40.194Z",
    "active": true
  }
},
{
  "model": "blog.comment",
  "pk": 377,
  "fields": {
    "post": 76,
    "user": 60,
    "parent": null,
    "content": "最大深圳操作免费.",
    "created_at": "2026-01-19T11:57:40.195Z",
    "active": true
  }
},
{
  "model": "blog.comment",
  "pk": 378,
  "fields": {
    "post": 76,
    "user": 59,
    "parent": null,
    "content": "一般同时控制增加可是政府.教育技术点击这样.导弹",
    "created_at": "2026-01-19T11:57:40.195Z",
    "active": true
  }
},
{
  "model": "blog.comment",
  "pk": 406,
  "fields": {
    "post": 76,
    "user": 1,
    "parent": 378,
    "content": "测试",
    "created_at": "2026-01-30T17:43:22.753Z",
    "active": true
  }
},
{
  "model": "blog.postviewhistory",
  "pk": 1,
  "fields": {
    "user": 1,
    "post": 2,
    "viewed_at": "2026-01-30T15:23:10.561Z"
  }
},
{
  "model": "blog.postviewhistory",
  "pk": 26,
  "fields": {
    "user": 1,
    "post": 63,
    "viewed_at": "2026-01-30T01:16:30.351Z"
  }
},
{
  "model": "blog.postviewhistory",
  "pk": 27,
  "fields": {
    "user": 1,
    "post": 73,
    "viewed_at": "2026-02-03T06:08:34.091Z"
  }
},
{
  "model": "blog.postviewhistory",
  "pk": 28,
  "fields": {
    "user": 1,
    "post": 67,
    "viewed_at": "2026-01-25T08:07:26.055Z"
  }
},
{
  "model": "blog.postviewhistory",
  "pk": 32,
  "fields": {
    "user": 1,
    "post": 76,
    "viewed_at": "2026-01-30T17:25:00.070Z"
  }
},
{
  "model": "blog.postviewhistory",
  "pk": 33,
  "fields": {
    "user": 1,
    "post": 71,
    "viewed_at": "2026-01-22T23:42:48.153Z"
  }
},
{
  "model": "blog.postviewhistory",
  "pk": 34,
  "fields": {
    "user": 1,
    "post": 70,
    "viewed_at": "2026-01-24T02:11:47.322Z"
  }
},
{
  "model": "blog.postviewhistory",
  "pk": 35,
  "fields": {
    "user": 1,
    "post": 75,
    "viewed_at": "2026-01-25T06:48:52.133Z"
  }
},
{
  "model": "blog.postviewhistory",
  "pk": 36,
  "fields": {
    "user": 1,
    "post": 69,
    "viewed_at": "2026-01-28T23:07:48.471Z"
  }
},
{
  "model": "blog.postviewhistory",
  "pk": 37,
  "fields": {
    "user": 1,
    "post": 65,
    "viewed_at": "2026-02-02T22:03:30.424Z"
  }
},
{
  "model": "blog.postviewhistory",
  "pk": 38,
  "fields": {
    "user": 1,
    "post": 72,
    "viewed_at": "2026-02-02T22:28:55.428Z"
  }
},
{
  "model": "users.usertitle",
  "pk": 1,
  "fields": {
    "name": "管理员",
    "name_zh_hans": "管理员",
    "name_en": "管理员",
    "name_zh_hant": "管理员",
    "name_ja": "管理员",
    "color": "#f97316",
    "icon": "<svg width=\"24\" height=\"24\" viewBox=\"0 0 24 24\" fill=\"currentColor\" xmlns=\"http://www.w3.org/2000/svg\"><path fill-rule=\"evenodd\" clip-rule=\"evenodd\" d=\"M12.5157 2.1698C12.2265 1.89587 11.7735 1.89587 11.4843 2.1698C9.46752 4.07977 6.74624 5.25011 3.75 5.25011C3.70233 5.25011 3.65473 5.24981 3.60721 5.24922C3.27984 5.24515 2.98767 5.4539 2.88541 5.76491C2.47287 7.01968 2.25 8.35963 2.25 9.75015C2.25 15.6922 6.31406 20.6831 11.8131 22.0984C11.9357 22.13 12.0643 22.13 12.1869 22.0984C17.6859 20.6831 21.75 15.6922 21.75 9.75015C21.75 8.35963 21.5271 7.01968 21.1146 5.76491C21.0123 5.4539 20.7202 5.24515 20.3928 5.24922C20.3453 5.24981 20.2977 5.25011 20.25 5.25011C17.2538 5.25011 14.5325 4.07977 12.5157 2.1698ZM15.6103 10.1859C15.8511 9.84887 15.773 9.38046 15.4359 9.1397C15.0989 8.89894 14.6305 8.97701 14.3897 9.31407L11.1543 13.8436L9.53033 12.2197C9.23744 11.9268 8.76256 11.9268 8.46967 12.2197C8.17678 12.5126 8.17678 12.9874 8.46967 13.2803L10.7197 15.5303C10.8756 15.6862 11.0921 15.7656 11.3119 15.7474C11.5316 15.7293 11.7322 15.6153 11.8603 15.4359L15.6103 10.1859Z\" fill=\"currentColor\"/></svg>",
    "description": "管理员",
    "description_zh_hans": "管理员",
    "description_en": "管理员",
    "description_zh_hant": "管理员",
    "description_ja": "管理员"
  }
},
{
  "model": "users.user",
  "pk": 1,
  "fields": {
    "password": "pbkdf2_sha256$1200000$yccdRmTGsm5nWj3iAFGaT5$yBcDL9WgmHF+0awKQ9olGJEkVUXsuprPT9mQijWa3Z8=",
    "last_login": "2026-01-28T05:32:35.630Z",
    "is_superuser": true,
    "username": "admin",
    "first_name": "",
    "last_name": "",
    "email": "chushine@foxmail.com",
    "is_staff": true,
    "is_active": true,
    "date_joined": "2026-01-05T01:53:00Z",
    "avatar": "avatars/avatar_cropped.jpg",
    "cover_image": "covers/cover_cropped_QvcfZHy.jpg",
    "nickname": "Choyeon",
    "bio": "",
    "website": "https://choyeon.cc/",
    "github": "https://github.com/ChuyuChoyeon",
    "title": 1,
    "is_banned": false,
    "groups": [],
    "user_permissions": []
  }
},
{
  "model": "users.user",
  "pk": 13,
  "fields": {
    "password": "pbkdf2_sha256$1200000$wKosuxXX8GTmKG68z3mMo6$AY1ZPdfeC02sb9VePuTa/0Wr84toewhIFsff6eDhk2Q=",
    "last_login": "2026-01-25T03:51:29.675Z",
    "is_superuser": false,
    "username": "choyeon",
    "first_name": "",
    "last_name": "",
    "email": "choyeon@foxmail.com",
    "is_staff": false,
    "is_active": true,
    "date_joined": "2026-01-12T19:55:17.395Z",
    "avatar": "avatars/33-1.png",
    "cover_image": "covers/QQ20260114-190543.png",
    "nickname": "",
    "bio": "choyeon",
    "website": "",
    "github": "",
    "title": null,
    "is_banned": false,
    "groups": [],
    "user_permissions": []
  }
},
{
  "model": "users.user",
  "pk": 24,
  "fields": {
    "password": "pbkdf2_sha256$1200000$rk9mG36EuKuXSLYdh169ge$FIg3xKHrrepfX3TORRCJ1880OlJ8LxzHZc9V/4pYifg=",
    "last_login": null,
    "is_superuser": false,
    "username": "xia36",
    "first_name": "",
    "last_name": "",
    "email": "hejun@example.net",
    "is_staff": false,
    "is_active": true,
    "date_joined": "2026-01-19T02:53:44.299Z",
    "avatar": "",
    "cover_image": "",
    "nickname": "郭勇",
    "bio": "美国手机认为中文登录觉得数据或者.决定会员一起工程加入或者解决.只是来自发现计划社区活动.搜索特别都是一下影响增加.\n之间有些是一这里无法威望一个.新闻都是推荐.当然说明两个重要说明责任.",
    "website": "",
    "github": "",
    "title": null,
    "is_banned": false,
    "groups": [],
    "user_permissions": []
  }
},
{
  "model": "users.user",
  "pk": 25,
  "fields": {
    "password": "pbkdf2_sha256$1200000$pjZzjuequ2shAywmHig6E8$v3ThZ5M09SyzNhxookr4qOVy5vtTzPngxVxXp77MpoE=",
    "last_login": null,
    "is_superuser": false,
    "username": "xiulan13",
    "first_name": "",
    "last_name": "",
    "email": "juanxie@example.org",
    "is_staff": false,
    "is_active": true,
    "date_joined": "2026-01-19T02:53:44.628Z",
    "avatar": "",
    "cover_image": "",
    "nickname": "孟健",
    "bio": "合作电话就是不要.如此标准类型电影空间开发.\n重要根据部分阅读.\n要求不会一个文化.推荐这里如果作者女人.\n以及不能由于社会一起经验.产品的话相关查看一次只是社区联系.",
    "website": "",
    "github": "",
    "title": null,
    "is_banned": false,
    "groups": [],
    "user_permissions": []
  }
},
{
  "model": "users.user",
  "pk": 26,
  "fields": {
    "password": "pbkdf2_sha256$1200000$kIQWOmhQHVRSL8CymgUo1P$mLFUNjADw22Pzb2COiUS6EuUCZgE5Z8YP6PuRh3hCgo=",
    "last_login": null,
    "is_superuser": false,
    "username": "xiulanzhou",
    "first_name": "",
    "last_name": "",
    "email": "songli@example.net",
    "is_staff": false,
    "is_active": true,
    "date_joined": "2026-01-19T02:53:44.959Z",
    "avatar": "",
    "cover_image": "",
    "nickname": "刘冬梅",
    "bio": "包括生产你们社区完成.\n状态孩子显示北京报告一直.\n有些能力的话之后生活图片阅读.活动管理结果在线都是参加对于.生活东西你的操作帮助原因.\n希望增加相关类型出现位置欢迎.感觉规定法律.",
    "website": "",
    "github": "",
    "title": null,
    "is_banned": false,
    "groups": [],
    "user_permissions": []
  }
},
{
  "model": "users.user",
  "pk": 27,
  "fields": {
    "password": "pbkdf2_sha256$1200000$vYaxjNjRQv4b9dO6rTXLS7$fPp6GeokatVuwuLmkfoRju05FxbSuDGpW3TtxKOEhxo=",
    "last_login": null,
    "is_superuser": false,
    "username": "bcui",
    "first_name": "",
    "last_name": "",
    "email": "jie54@example.net",
    "is_staff": false,
    "is_active": true,
    "date_joined": "2026-01-19T02:53:45.287Z",
    "avatar": "",
    "cover_image": "",
    "nickname": "张梅",
    "bio": "决定不会很多地址广告只是以后.价格国际手机文件图片是否支持.类别合作规定可能首页类别.\n政府下载要求内容.威望具有最新问题提高还有而且精华.不同女人可以.",
    "website": "",
    "github": "",
    "title": null,
    "is_banned": false,
    "groups": [],
    "user_permissions": []
  }
},
{
  "model": "users.user",
  "pk": 28,
  "fields": {
    "password": "pbkdf2_sha256$1200000$lcz3plCIQOnTDWvW6AZQkP$3U97a6ZUpMY/+HzKpdcDU1KgHpUoXqkybzZd9Xago3g=",
    "last_login": null,
    "is_superuser": false,
    "username": "nren",
    "first_name": "",
    "last_name": "",
    "email": "dingyong@example.org",
    "is_staff": false,
    "is_active": true,
    "date_joined": "2026-01-19T02:53:45.619Z",
    "avatar": "",
    "cover_image": "",
    "nickname": "刘红梅",
    "bio": "是一系列要求威望网络.实现电话就是感觉公司一起图片.重要出现具有过程.\n而且或者来自学校.密码销售类别在线制作.相关结果注册类型完全这种.有关经济发现分析网络价格认为.",
    "website": "",
    "github": "",
    "title": null,
    "is_banned": false,
    "groups": [],
    "user_permissions": []
  }
},
{
  "model": "users.user",
  "pk": 29,
  "fields": {
    "password": "pbkdf2_sha256$1200000$tVyCSDI4OTwE7EMGWhICA8$Bs1ugXn53/ao9kKb/rJiKCQfyFGNJrOyip2S0d3i9PQ=",
    "last_login": null,
    "is_superuser": false,
    "username": "fangli",
    "first_name": "",
    "last_name": "",
    "email": "xiaxiong@example.net",
    "is_staff": false,
    "is_active": true,
    "date_joined": "2026-01-19T02:53:45.950Z",
    "avatar": "",
    "cover_image": "",
    "nickname": "崔波",
    "bio": "安全项目文件显示也是帮助.\n发生文件出现操作来源.日期注册是一实现推荐经验.不断电话可能发布阅读.\n然后一种其实认为技术朋友.\n只要公司由于更新系列更多这种无法.市场类别部分一点对于因此.",
    "website": "",
    "github": "",
    "title": null,
    "is_banned": false,
    "groups": [],
    "user_permissions": []
  }
},
{
  "model": "users.user",
  "pk": 30,
  "fields": {
    "password": "pbkdf2_sha256$1200000$uFiIxZIWXLmxznaxWgk4mp$mBf3yiycLrvU0y/O4SlwcaVvLowLHqQn0MvFECtwFI4=",
    "last_login": null,
    "is_superuser": false,
    "username": "chao79",
    "first_name": "",
    "last_name": "",
    "email": "fengli@example.com",
    "is_staff": false,
    "is_active": true,
    "date_joined": "2026-01-19T02:53:46.304Z",
    "avatar": "",
    "cover_image": "",
    "nickname": "吴丽丽",
    "bio": "解决最新主题世界介绍得到.不断安全部分.\n产品安全首页详细生活地址.你们价格专业状态.\n一些社会她的活动.参加电子地址.社区中国世界软件作者认为会员.\n日本提供日本标准正在.注册教育需要社会然后.",
    "website": "",
    "github": "",
    "title": null,
    "is_banned": false,
    "groups": [],
    "user_permissions": []
  }
},
{
  "model": "users.user",
  "pk": 31,
  "fields": {
    "password": "pbkdf2_sha256$1200000$bLAd6l5vAocShaKtwrom5i$Szj09kO6/Si3ybJPNfbwP1K0SYm8jpAFbZXuu4HlsqE=",
    "last_login": null,
    "is_superuser": false,
    "username": "yan89",
    "first_name": "",
    "last_name": "",
    "email": "pwei@example.org",
    "is_staff": false,
    "is_active": true,
    "date_joined": "2026-01-19T02:53:46.632Z",
    "avatar": "",
    "cover_image": "",
    "nickname": "刘文",
    "bio": "人员搜索发布详细现在运行感觉.一直不断那个设计.用户影响为什一切结果.之间她的环境希望成功.\n市场要求论坛研究.结果进入处理组织各种不同您的.新闻经营全部.",
    "website": "",
    "github": "",
    "title": null,
    "is_banned": false,
    "groups": [],
    "user_permissions": []
  }
},
{
  "model": "users.user",
  "pk": 32,
  "fields": {
    "password": "pbkdf2_sha256$1200000$wU397ekdm0zC8dgMNp4WWN$x4BQJkjAFbM+jUvT484H4DvsMDCSHrKqUx4aYyfw3nU=",
    "last_login": null,
    "is_superuser": false,
    "username": "mhan",
    "first_name": "",
    "last_name": "",
    "email": "oxie@example.com",
    "is_staff": false,
    "is_active": true,
    "date_joined": "2026-01-19T02:53:46.962Z",
    "avatar": "",
    "cover_image": "",
    "nickname": "孔秀兰",
    "bio": "产品质量拥有美国任何.注意项目免费新闻.\n不过程序如何怎么中文.公司广告您的虽然的是.\n活动你们她的帖子他们资源.\n科技通过组织活动业务一种出来地址.那么主要原因得到.",
    "website": "",
    "github": "",
    "title": null,
    "is_banned": false,
    "groups": [],
    "user_permissions": []
  }
},
{
  "model": "users.user",
  "pk": 33,
  "fields": {
    "password": "pbkdf2_sha256$1200000$knBGkjXCam0GoBuyFa0Alp$FDHKIlJa7sG+pJSXCAfSt37bE8Pzs99xJwQBQstQPG8=",
    "last_login": null,
    "is_superuser": false,
    "username": "jun13",
    "first_name": "",
    "last_name": "",
    "email": "junwu@example.net",
    "is_staff": false,
    "is_active": true,
    "date_joined": "2026-01-19T02:53:47.294Z",
    "avatar": "",
    "cover_image": "",
    "nickname": "陈红霞",
    "bio": "一下影响或者需要.的话介绍很多喜欢.投资单位进入图片音乐.\n关于是一学校目前包括企业功能.搜索基本不要信息之后.因此非常政府不会精华.",
    "website": "",
    "github": "",
    "title": null,
    "is_banned": false,
    "groups": [],
    "user_permissions": []
  }
},
{
  "model": "users.user",
  "pk": 34,
  "fields": {
    "password": "pbkdf2_sha256$1200000$ZC8AGO6jUxGVuhdt9Ohlsg$VUOwogMCiqibUxW5ooIi8uGZPvlSN4OlReFAjBQr478=",
    "last_login": null,
    "is_superuser": false,
    "username": "rguo",
    "first_name": "",
    "last_name": "",
    "email": "leijin@example.org",
    "is_staff": false,
    "is_active": true,
    "date_joined": "2026-01-19T02:53:54.067Z",
    "avatar": "",
    "cover_image": "",
    "nickname": "马雷",
    "bio": "标准基本客户资料深圳信息也是.非常手机不会不是大小朋友.之间公司大学那么是一.\n详细建设销售时候注意大小研究.发展地方自己网络的人历史当前.",
    "website": "",
    "github": "",
    "title": null,
    "is_banned": false,
    "groups": [],
    "user_permissions": []
  }
},
{
  "model": "users.user",
  "pk": 35,
  "fields": {
    "password": "pbkdf2_sha256$1200000$XbKrSoYV1CINP1spsZPvR5$JuBDw0wLQnHCupDcAN7TTqKoXMq24/bxglXHSn9s84w=",
    "last_login": null,
    "is_superuser": false,
    "username": "liangjun",
    "first_name": "",
    "last_name": "",
    "email": "caojing@example.com",
    "is_staff": false,
    "is_active": true,
    "date_joined": "2026-01-19T02:53:54.394Z",
    "avatar": "",
    "cover_image": "",
    "nickname": "姜桂花",
    "bio": "然后业务设计密码.帮助使用单位.个人国内一些朋友只有.\n经验网站时间如果.服务一定专业可能.服务责任朋友作者如何.\n运行美国显示他的那些男人联系.的话开始特别特别没有起来中心计划.",
    "website": "",
    "github": "",
    "title": null,
    "is_banned": false,
    "groups": [],
    "user_permissions": []
  }
},
{
  "model": "users.user",
  "pk": 36,
  "fields": {
    "password": "pbkdf2_sha256$1200000$uA53EpPRbXWBVyDbpetW5b$qwVPia5Ds1YBtteIkoYqd5gf86fW/Pn3Q+p8B6wxwTQ=",
    "last_login": null,
    "is_superuser": false,
    "username": "jun93",
    "first_name": "",
    "last_name": "",
    "email": "lihan@example.net",
    "is_staff": false,
    "is_active": true,
    "date_joined": "2026-01-19T02:53:54.723Z",
    "avatar": "",
    "cover_image": "",
    "nickname": "金峰",
    "bio": "一样处理通过记者.要求到了的话喜欢的人参加网站产品.\n认为大家直接中心不要浏览不断.要求不断能够威望美国.关于一下只要只有.\n工程资料电脑包括一直.她的以及他的感觉.工具而且自己商品这些.",
    "website": "",
    "github": "",
    "title": null,
    "is_banned": false,
    "groups": [],
    "user_permissions": []
  }
},
{
  "model": "users.user",
  "pk": 37,
  "fields": {
    "password": "pbkdf2_sha256$1200000$zJNbsC6SeHP7DhHextmKkh$Nje+LlYSHz0KSbBQdqV4oprg+szKMsy0MBb4dsmpn2Q=",
    "last_login": null,
    "is_superuser": false,
    "username": "zgu",
    "first_name": "",
    "last_name": "",
    "email": "konggang@example.net",
    "is_staff": false,
    "is_active": true,
    "date_joined": "2026-01-19T02:53:55.049Z",
    "avatar": "",
    "cover_image": "",
    "nickname": "袁琳",
    "bio": "可能更新投资同时工程用户.积分同时发生中文这样.更多全国帮助表示基本最大.进行方式的话业务问题的话.\n解决参加有关作为.专业这么浏览有关最大自己之后.",
    "website": "",
    "github": "",
    "title": null,
    "is_banned": false,
    "groups": [],
    "user_permissions": []
  }
},
{
  "model": "users.user",
  "pk": 38,
  "fields": {
    "password": "pbkdf2_sha256$1200000$fB9BIEFseU2XPLUMGa3CdV$34M8gkZRoanRTOD4uAHZenk6WC/fqrTaLVjNQHho+y8=",
    "last_login": null,
    "is_superuser": false,
    "username": "kxia",
    "first_name": "",
    "last_name": "",
    "email": "ywu@example.org",
    "is_staff": false,
    "is_active": true,
    "date_joined": "2026-01-19T02:53:55.380Z",
    "avatar": "",
    "cover_image": "",
    "nickname": "曹刚",
    "bio": "都是网站不是环境根据功能业务所有.大小如此评论处理经验.工作今年关系状态增加.\n有些商品同时这里投资之间简介最后.文件组织谢谢.结果社会女人不会如何支持为了投资.",
    "website": "",
    "github": "",
    "title": null,
    "is_banned": false,
    "groups": [],
    "user_permissions": []
  }
},
{
  "model": "users.user",
  "pk": 39,
  "fields": {
    "password": "pbkdf2_sha256$1200000$ys7BVlKm8L141uz5G4ng1R$cxpoc5ZLdwan+abQm/rUNV7V11pnTbj9GQuUdAx2CMg=",
    "last_login": null,
    "is_superuser": false,
    "username": "liaochao",
    "first_name": "",
    "last_name": "",
    "email": "weizhang@example.net",
    "is_staff": false,
    "is_active": true,
    "date_joined": "2026-01-19T02:53:55.707Z",
    "avatar": "",
    "cover_image": "",
    "nickname": "马桂芝",
    "bio": "显示今年那么.数据客户表示觉得.\n次数地址包括系列标准.直接社会孩子会员是一发表.他们推荐以下加入是一下载.\n责任所以提供中心控制政府作品人员.责任教育手机通过虽然关于工程.目前进入服务.",
    "website": "",
    "github": "",
    "title": null,
    "is_banned": false,
    "groups": [],
    "user_permissions": []
  }
},
{
  "model": "users.user",
  "pk": 40,
  "fields": {
    "password": "pbkdf2_sha256$1200000$jGH1gPn9mvNZ4qKmdSLgni$IfKWflUbiQcWD78GT8bEmXbCuyrRZ4BlprTRQ6oUE2U=",
    "last_login": null,
    "is_superuser": false,
    "username": "kangming",
    "first_name": "",
    "last_name": "",
    "email": "wugang@example.com",
    "is_staff": false,
    "is_active": true,
    "date_joined": "2026-01-19T02:53:56.042Z",
    "avatar": "",
    "cover_image": "",
    "nickname": "杨桂花",
    "bio": "问题企业你们今年.组织他们单位经营更多感觉男人.\n市场简介法律详细品牌威望浏览出现.男人自己发现历史.最后然后不同女人都是美国.\n还有电脑免费简介以上会员.中文最新商品只有觉得.",
    "website": "",
    "github": "",
    "title": null,
    "is_banned": false,
    "groups": [],
    "user_permissions": []
  }
},
{
  "model": "users.user",
  "pk": 41,
  "fields": {
    "password": "pbkdf2_sha256$1200000$5XcOhRUqA5uxpHT7Y2Ep4Q$FBgf5Rk1TVA7DCD0h407Rk1dHScQXiZAi7wA1uottOs=",
    "last_login": null,
    "is_superuser": false,
    "username": "liangfang",
    "first_name": "",
    "last_name": "",
    "email": "fsong@example.com",
    "is_staff": false,
    "is_active": true,
    "date_joined": "2026-01-19T02:53:56.373Z",
    "avatar": "",
    "cover_image": "",
    "nickname": "庄刚",
    "bio": "技术之间资料.密码中文人民留言作为.\n留言音乐什么广告标题控制无法可以.那么标准结果能够价格支持.商品大家能力论坛看到我们.\n来源北京不会工具不能.中心发生管理喜欢关系.",
    "website": "",
    "github": "",
    "title": null,
    "is_banned": false,
    "groups": [],
    "user_permissions": []
  }
},
{
  "model": "users.user",
  "pk": 42,
  "fields": {
    "password": "pbkdf2_sha256$1200000$KEFQ4v3hK3j8IJnGjEPjxN$W9vfaQ6j860zvyYbE5xMKhC1qNuB+CQVq625g129zJQ=",
    "last_login": null,
    "is_superuser": false,
    "username": "kduan",
    "first_name": "",
    "last_name": "",
    "email": "pingjin@example.com",
    "is_staff": false,
    "is_active": true,
    "date_joined": "2026-01-19T02:53:56.708Z",
    "avatar": "",
    "cover_image": "",
    "nickname": "杨红",
    "bio": "人员威望由于.人员决定方法电子.中心这种不是系统影响有些.\n当然手机一定行业这个认为会员.设备记者社会过程.\n主题两个其实所有人员帖子完全.查看无法新闻提供免费应用.",
    "website": "",
    "github": "",
    "title": null,
    "is_banned": false,
    "groups": [],
    "user_permissions": []
  }
},
{
  "model": "users.user",
  "pk": 43,
  "fields": {
    "password": "pbkdf2_sha256$1200000$B0yBVh9BJihPn1ZyIFCROm$kV3kwUKEyvUBBteuQ1tNNSx7FwRwNt0vlSVS84Vla/Q=",
    "last_login": null,
    "is_superuser": false,
    "username": "vxie",
    "first_name": "",
    "last_name": "",
    "email": "baijing@example.com",
    "is_staff": false,
    "is_active": true,
    "date_joined": "2026-01-19T02:53:57.047Z",
    "avatar": "",
    "cover_image": "",
    "nickname": "陈晨",
    "bio": "社区注意准备设计.建设标准使用但是报告这种你们.\n语言只有操作我们已经.原因电脑方面.\n系列如果历史.学习发布工程搜索浏览.\n自己以后大小以上因此通过.然后文化文章支持今天之后不是.",
    "website": "",
    "github": "",
    "title": null,
    "is_banned": false,
    "groups": [],
    "user_permissions": []
  }
},
{
  "model": "users.user",
  "pk": 44,
  "fields": {
    "password": "pbkdf2_sha256$1200000$kfNQ66f24YJMU9GL618QGM$GOW2WeZyd5zg8eqeWs7hc0/xzCMggJJJ/ejPC91hbHk=",
    "last_login": null,
    "is_superuser": false,
    "username": "xiuyingluo",
    "first_name": "",
    "last_name": "",
    "email": "weimin@example.org",
    "is_staff": false,
    "is_active": true,
    "date_joined": "2026-01-19T02:54:01.969Z",
    "avatar": "",
    "cover_image": "",
    "nickname": "王玲",
    "bio": "建设功能那么帮助.\n自己市场方法行业.开始不断工具技术朋友虽然怎么.\n虽然市场学生显示公司业务以及.\n城市游戏一切关系.那些设计系统出来项目到了以上.不是女人帮助项目运行选择因此.",
    "website": "",
    "github": "",
    "title": null,
    "is_banned": false,
    "groups": [],
    "user_permissions": []
  }
},
{
  "model": "users.user",
  "pk": 45,
  "fields": {
    "password": "pbkdf2_sha256$1200000$WzVYq5KvlCtWTEXgBlxG8J$hLRHRUWVE9uMGyQ0bWUUkauCKUh442qY+Rv2jxvFWNM=",
    "last_login": null,
    "is_superuser": false,
    "username": "nwang",
    "first_name": "",
    "last_name": "",
    "email": "leiye@example.org",
    "is_staff": false,
    "is_active": true,
    "date_joined": "2026-01-19T02:54:02.301Z",
    "avatar": "",
    "cover_image": "",
    "nickname": "张秀珍",
    "bio": "一定客户最大不断.更新可以都是投资标题.\n正在最新威望能力登录或者.大学特别选择.什么环境电脑显示品牌经验合作但是.\n在线最新使用出现.一点控制功能相关主要.",
    "website": "",
    "github": "",
    "title": null,
    "is_banned": false,
    "groups": [],
    "user_permissions": []
  }
},
{
  "model": "users.user",
  "pk": 46,
  "fields": {
    "password": "pbkdf2_sha256$1200000$sVkvmWvF00B3pysOoa6BiO$hMmp0hK2QWgFx/gUg/t8lE5OwhaN1QLmPOEisYkObyA=",
    "last_login": null,
    "is_superuser": false,
    "username": "baiqiang",
    "first_name": "",
    "last_name": "",
    "email": "kangguiying@example.net",
    "is_staff": false,
    "is_active": true,
    "date_joined": "2026-01-19T02:54:02.635Z",
    "avatar": "",
    "cover_image": "",
    "nickname": "王利",
    "bio": "不会为什怎么积分个人合作程序.工程销售计划知道世界.\n世界上海如果发生那个.起来责任应用类型这样正在.\n继续进行具有中心对于一次.如果网上销售结果其中时候历史.制作文件完全建设.",
    "website": "",
    "github": "",
    "title": null,
    "is_banned": false,
    "groups": [],
    "user_permissions": []
  }
},
{
  "model": "users.user",
  "pk": 47,
  "fields": {
    "password": "pbkdf2_sha256$1200000$c5TBJEiTxvtPQpgI0SSDpC$AqN/qPKCbR0ElRuDAmjZ9zvRJN4/KjhEurDzJl6BTr0=",
    "last_login": null,
    "is_superuser": false,
    "username": "min70",
    "first_name": "",
    "last_name": "",
    "email": "tianjie@example.com",
    "is_staff": false,
    "is_active": true,
    "date_joined": "2026-01-19T02:54:02.966Z",
    "avatar": "",
    "cover_image": "",
    "nickname": "赵林",
    "bio": "两个之间非常公司市场.不同文章需要拥有还有看到有限.\n不过关于重要出现.欢迎本站为什软件使用开发为什.地址不同时候登录搜索.",
    "website": "",
    "github": "",
    "title": null,
    "is_banned": false,
    "groups": [],
    "user_permissions": []
  }
},
{
  "model": "users.user",
  "pk": 48,
  "fields": {
    "password": "pbkdf2_sha256$1200000$B0RZVBiapMmp1Vohfy9S3Q$L9EitXPR5xeyQzKhehMmn4XXPFwO1oNIN9wLKptoemI=",
    "last_login": null,
    "is_superuser": false,
    "username": "htao",
    "first_name": "",
    "last_name": "",
    "email": "yong78@example.com",
    "is_staff": false,
    "is_active": true,
    "date_joined": "2026-01-19T02:54:03.298Z",
    "avatar": "",
    "cover_image": "",
    "nickname": "曲荣",
    "bio": "环境威望市场上海两个进行.详细发表通过时候具有.\n部门学习所以系列说明中心位置主题.大家作为为什.帖子积分发展一样资源电脑说明.\n系列个人规定回复.",
    "website": "",
    "github": "",
    "title": null,
    "is_banned": false,
    "groups": [],
    "user_permissions": []
  }
},
{
  "model": "users.user",
  "pk": 49,
  "fields": {
    "password": "pbkdf2_sha256$1200000$e5jZagUloOsfXRRcu0d7cg$dVkT2R8+eKtnDQrZqW+HkDVnZfyGJiwReDSm4NwB/h8=",
    "last_login": null,
    "is_superuser": false,
    "username": "guiying67",
    "first_name": "",
    "last_name": "",
    "email": "maofang@example.net",
    "is_staff": false,
    "is_active": true,
    "date_joined": "2026-01-19T02:54:03.633Z",
    "avatar": "",
    "cover_image": "",
    "nickname": "李峰",
    "bio": "广告一种次数时候方法游戏过程.基本一个一次希望一些等级.国际环境活动如果次数这么生活.支持准备也是希望欢迎广告作为.\n人民由于只是空间出来.一种教育用户非常两个具有拥有.",
    "website": "",
    "github": "",
    "title": null,
    "is_banned": false,
    "groups": [],
    "user_permissions": []
  }
},
{
  "model": "users.user",
  "pk": 50,
  "fields": {
    "password": "pbkdf2_sha256$1200000$v4ltNrK2hNBNLsjsqvL8eh$ZKJNpt1U8TMUNu6lne+rWzh4ye/Jo9tatX+GoZLekL8=",
    "last_login": null,
    "is_superuser": false,
    "username": "fangna",
    "first_name": "",
    "last_name": "",
    "email": "xiayang@example.org",
    "is_staff": false,
    "is_active": true,
    "date_joined": "2026-01-19T02:54:03.964Z",
    "avatar": "",
    "cover_image": "",
    "nickname": "余飞",
    "bio": "网上完全到了最大那么.\n实现生活文件市场.可是详细时间类别两个.\n也是因为图片只有.信息解决已经主要大家喜欢.活动我的今天不断成为能力手机.\n图片男人包括他们如果.部门类型手机活动有限个人.",
    "website": "",
    "github": "",
    "title": null,
    "is_banned": false,
    "groups": [],
    "user_permissions": []
  }
},
{
  "model": "users.user",
  "pk": 51,
  "fields": {
    "password": "pbkdf2_sha256$1200000$mvPekIr9EOKjPuB3QrS9wg$iilE5A0LgzOdRapUcjzAk25eXiq32oNk/V6kDftELdQ=",
    "last_login": null,
    "is_superuser": false,
    "username": "li03",
    "first_name": "",
    "last_name": "",
    "email": "jing55@example.com",
    "is_staff": false,
    "is_active": true,
    "date_joined": "2026-01-19T02:54:04.298Z",
    "avatar": "",
    "cover_image": "",
    "nickname": "施亮",
    "bio": "之间也是解决.应该有限国际帮助.电话到了文化问题.\n然后业务投资人民工具一次责任等级.\n只是不断现在这样.深圳发现得到活动应该.",
    "website": "",
    "github": "",
    "title": null,
    "is_banned": false,
    "groups": [],
    "user_permissions": []
  }
},
{
  "model": "users.user",
  "pk": 53,
  "fields": {
    "password": "pbkdf2_sha256$1200000$L7pT2AHrXhX2IOVzB1rhhB$lrn8f/dWA9AZvSJzeNr/HzBn9hjip7w2ygJ8UxIBZw0=",
    "last_login": null,
    "is_superuser": false,
    "username": "mengming",
    "first_name": "",
    "last_name": "",
    "email": "tao34@example.com",
    "is_staff": false,
    "is_active": true,
    "date_joined": "2026-01-19T02:54:04.954Z",
    "avatar": "",
    "cover_image": "",
    "nickname": "刘杰",
    "bio": "类别语言要求表示.社区以及上海名称开始广告社区.\n的是服务必须公司.女人问题研究这些软件地区市场.\n操作大小深圳功能还是商品.位置合作标准次数支持.信息推荐这些城市发现由于客户.",
    "website": "",
    "github": "",
    "title": null,
    "is_banned": false,
    "groups": [],
    "user_permissions": []
  }
},
{
  "model": "users.user",
  "pk": 54,
  "fields": {
    "password": "pbkdf2_sha256$1200000$inT50bc9O27vpgkq91He05$RezYp33TcuSRsoJQffCt6/T1Fm3/9Tdtjqk/6OnBqd8=",
    "last_login": null,
    "is_superuser": false,
    "username": "wmo",
    "first_name": "杰",
    "last_name": "杨",
    "email": "ghan@example.net",
    "is_staff": false,
    "is_active": true,
    "date_joined": "2026-01-11T17:07:02Z",
    "avatar": "",
    "cover_image": "",
    "nickname": "mingsun",
    "bio": "同时觉得电影.只有表示标准.\n只是销售各种质量文件.经验不能您的这些标题政府电子提高.北京朋友音乐文件软件.\n结果对于不同国内应用威望一切.事情一样一种如此类别能力.这样这个系列认为积分.\n北京然后方面觉得包括.规定非常还有有关关于怎么.浏览直接作为研究无法她的时候.已经简介结果完全直接作品支持.\n虽然开发已经无法大家销售东西.男人开始可能以上任何.\n简介威望可能首页只是查看.地区日期作者.",
    "website": "",
    "github": "",
    "title": null,
    "is_banned": false,
    "groups": [],
    "user_permissions": []
  }
},
{
  "model": "users.user",
  "pk": 55,
  "fields": {
    "password": "pbkdf2_sha256$1200000$87p4ieNrvO9NeHhWa1Tp3k$qizUaqMDeSHnqarR3nCPqJt5iQkSvgg4T8BivTC7K0A=",
    "last_login": null,
    "is_superuser": false,
    "username": "pingwu",
    "first_name": "宇",
    "last_name": "刘",
    "email": "shenxia@example.org",
    "is_staff": false,
    "is_active": true,
    "date_joined": "2026-01-01T22:53:35Z",
    "avatar": "",
    "cover_image": "",
    "nickname": "刘宇",
    "bio": "认为不会增加学生.政府功能查看大小谢谢操作帮助控制.制作网上这是重要历史.\n您的方法关系只是需要回复自己.投资生产主题当然.点击其他只要内容会员电子图片.\n销售结果本站那个.解决选择国内基本上海建设看到全国.\n大家市场不要威望我们文章.服务个人搜索经营表示网上.大小注意一起支持.\n特别没有功能电影因为国际.选择游戏企业.\n首页工作用户服务.还是大家不能报告.",
    "website": "http://www.ding.org/",
    "github": "https://github.com/pingwu",
    "title": null,
    "is_banned": false,
    "groups": [],
    "user_permissions": []
  }
},
{
  "model": "users.user",
  "pk": 56,
  "fields": {
    "password": "pbkdf2_sha256$1200000$smiENCnQVoKrhQqiPAJmmq$a8ToqdhTX9Y/wsBVTAoS8P2DNWyhr0HiHi2tjz/9hwU=",
    "last_login": null,
    "is_superuser": false,
    "username": "xiuying17",
    "first_name": "坤",
    "last_name": "张",
    "email": "sunxiulan@example.net",
    "is_staff": false,
    "is_active": true,
    "date_joined": "2026-01-17T04:53:00Z",
    "avatar": "",
    "cover_image": "",
    "nickname": "张坤",
    "bio": "也是过程一下今天.发布那么因此一个没有地方.组织这个都是您的这种.\n最大觉得如何搜索决定直接.我的只是电话设备还有增加.市场由于来源关系因为.学习标题支持欢迎但是服务任何.\n浏览所以现在有关学习但是项目.单位世界参加.\n得到教育搜索喜欢.\n发布完成以下规定的人.广告语言这些.\n虽然帖子作者.今天到了不过生活市场一起通过.",
    "website": "http://fangzou.cn/",
    "github": "https://github.com/xiuying17",
    "title": null,
    "is_banned": false,
    "groups": [],
    "user_permissions": []
  }
},
{
  "model": "users.user",
  "pk": 57,
  "fields": {
    "password": "pbkdf2_sha256$1200000$hcWiZP4HkoG4TVHAFZYjsM$2Y6BL049XrFmr0QNCfxlkn7HNCWTSkRBV67IedKhz8g=",
    "last_login": null,
    "is_superuser": false,
    "username": "taoguiying",
    "first_name": "平",
    "last_name": "谢",
    "email": "xiulanmao@example.com",
    "is_staff": false,
    "is_active": true,
    "date_joined": "2026-01-18T10:21:09Z",
    "avatar": "",
    "cover_image": "",
    "nickname": "谢平",
    "bio": "搜索新闻自己为什使用.这里处理分析政府日期.名称历史各种网站一次不同关于.\n网站运行原因也是联系阅读.必须结果国际增加到了新闻地区.女人没有类别其中电脑看到.\n不要开发品牌增加.支持因为开始法律工具类别等级完成.\n其他查看一定服务留言提高.可是自己大学只是.东西业务控制还有.\n我的一个之间准备搜索最大次数.地方选择以上最新学校以及.合作虽然大学我的世界.文章深圳影响选择.",
    "website": "http://www.yanjia.cn/",
    "github": "",
    "title": null,
    "is_banned": false,
    "groups": [],
    "user_permissions": []
  }
},
{
  "model": "users.user",
  "pk": 58,
  "fields": {
    "password": "pbkdf2_sha256$1200000$AflpdnOL4wdvmDwsk0gy3a$WFLv4/6gNvm1F55YFK8mFKvSCPAZMNj8WqRtmaBzg04=",
    "last_login": null,
    "is_superuser": false,
    "username": "yding",
    "first_name": "兰英",
    "last_name": "颜",
    "email": "mengna@example.org",
    "is_staff": false,
    "is_active": true,
    "date_joined": "2026-01-19T10:37:54Z",
    "avatar": "",
    "cover_image": "",
    "nickname": "颜兰英",
    "bio": "名称一种帖子项目以下商品起来而且.密码如此投资.品牌这个什么没有不断帮助自己.\n出现功能表示.其中作品新闻必须部分运行部分.这种资源行业一直出现提供使用.城市工程那么政府项目而且精华.\n销售帖子首页学生经验技术.一般然后更多大小时候进行.完成部门活动广告业务技术.\n重要认为可以法律如果位置查看.设备今天解决这些市场地址制作.帮助网站其中其他手机朋友汽车.",
    "website": "http://www.wufu.cn/",
    "github": "",
    "title": 1,
    "is_banned": false,
    "groups": [],
    "user_permissions": []
  }
},
{
  "model": "users.user",
  "pk": 59,
  "fields": {
    "password": "pbkdf2_sha256$1200000$zD4txq1bVmgOsbmMUkjtYr$Ee/yFT2AO88ArVHXnZAnSVvsGlHkDu58mdQxz7glNIQ=",
    "last_login": null,
    "is_superuser": false,
    "username": "guiyingtan",
    "first_name": "红",
    "last_name": "冯",
    "email": "minglai@example.net",
    "is_staff": false,
    "is_active": true,
    "date_joined": "2026-01-07T17:27:08Z",
    "avatar": "",
    "cover_image": "",
    "nickname": "冯红",
    "bio": "具有时间拥有有限联系.音乐情况设计具有如何您的有限免费.\n生产系列拥有为什.精华一种女人.只是主题我的一切游戏.\n国家标题地区部门时间无法具有.感觉教育部分显示国际这么电影.所以事情一般地方虽然.\n标准计划研究销售正在数据.类型回复结果关系但是.都是地址社会电脑但是.\n文件怎么社区为了我们.认为具有发现解决参加个人.\n经验其实数据回复其中的人企业.喜欢那个程序专业发布学习标题.",
    "website": "https://www.guiyinggang.cn/",
    "github": "https://github.com/guiyingtan",
    "title": null,
    "is_banned": false,
    "groups": [],
    "user_permissions": []
  }
},
{
  "model": "users.user",
  "pk": 60,
  "fields": {
    "password": "pbkdf2_sha256$1200000$3wBTo4XXtxmZ1Zn9U3mfq4$CP1aDB8OBHzNZtsPwZll+l/xpZvnSomSGPzGdx8HvtM=",
    "last_login": null,
    "is_superuser": false,
    "username": "xiulanding",
    "first_name": "雷",
    "last_name": "董",
    "email": "vlai@example.net",
    "is_staff": false,
    "is_active": true,
    "date_joined": "2026-01-02T19:51:21Z",
    "avatar": "",
    "cover_image": "",
    "nickname": "董雷",
    "bio": "增加积分研究其实学生.\n质量今天一起管理世界新闻工程.\n不同很多在线资料自己设备.其他网上要求比较.\n自己特别提供网站科技本站.生产我的合作数据这种.\n不要然后决定由于生活活动.音乐因此点击积分同时当然浏览.\n行业产品他的游戏科技.开发地区完成欢迎登录不能.次数单位更新一种.\n电影点击作为为什一般电子制作.\n来自认为为了看到为了学习.",
    "website": "",
    "github": "https://github.com/xiulanding",
    "title": null,
    "is_banned": false,
    "groups": [],
    "user_permissions": []
  }
},
{
  "model": "users.user",
  "pk": 61,
  "fields": {
    "password": "pbkdf2_sha256$1200000$ZPqnbTJ5x1pvxWt6ChOoel$5lztkc1vBLpZ7oPYSaFRgN4LBZNC41lBdnV8bwgcmi4=",
    "last_login": null,
    "is_superuser": false,
    "username": "taodong",
    "first_name": "丽华",
    "last_name": "蒋",
    "email": "pshi@example.com",
    "is_staff": false,
    "is_active": true,
    "date_joined": "2026-01-03T02:43:12Z",
    "avatar": "",
    "cover_image": "",
    "nickname": "gchen",
    "bio": "现在基本关系能力如何组织.可是部门国际应该表示.的话日期发展品牌.\n技术内容操作直接而且.电影各种完全制作生活成功其实不是.\n手机公司单位美国首页到了这个.一切管理城市能力.\n作品表示使用生产.主题地区如果商品国内音乐一直.结果技术安全的人.\n查看影响单位大小.因为是否当然出来记者事情参加.无法谢谢论坛有关重要工具来源能力.",
    "website": "",
    "github": "",
    "title": 1,
    "is_banned": false,
    "groups": [],
    "user_permissions": []
  }
},
{
  "model": "users.user",
  "pk": 62,
  "fields": {
    "password": "pbkdf2_sha256$1200000$eiNqcTHsMyeQAK60EZIKZg$Ao5UTzS+zidiKdu2Rx8Xvi+SayJXgzAlnOchqG43YEQ=",
    "last_login": null,
    "is_superuser": false,
    "username": "liaoyan",
    "first_name": "杨",
    "last_name": "李",
    "email": "jyuan@example.net",
    "is_staff": false,
    "is_active": true,
    "date_joined": "2026-01-01T15:58:48Z",
    "avatar": "",
    "cover_image": "",
    "nickname": "李杨",
    "bio": "评论电脑公司系统.应该的是类型所有经验不会以上出现.\n电影怎么发现名称虽然没有或者社会.任何销售是一品牌.\n汽车世界两个环境投资各种.会员管理开发事情无法自己认为.系列已经根据地区记者.\n发展留言已经为什.的人电影特别出现活动继续.联系同时威望如何企业谢谢工作.\n资源电话工作上海具有生产.能力起来结果资料选择.\n公司结果发展首页.实现选择发表安全网站同时工程.",
    "website": "",
    "github": "https://github.com/liaoyan",
    "title": null,
    "is_banned": false,
    "groups": [],
    "user_permissions": []
  }
},
{
  "model": "users.user",
  "pk": 63,
  "fields": {
    "password": "!QrkFWr97V36EvNe8w2CmtLSXaHoZyDwTMh98Jg3X",
    "last_login": null,
    "is_superuser": false,
    "username": "AnonymousUser",
    "first_name": "",
    "last_name": "",
    "email": "",
    "is_staff": false,
    "is_active": true,
    "date_joined": "2026-01-20T04:36:07.714Z",
    "avatar": "",
    "cover_image": "",
    "nickname": "",
    "bio": "",
    "website": "",
    "github": "",
    "title": null,
    "is_banned": false,
    "groups": [],
    "user_permissions": []
  }
},
{
  "model": "users.userpreference",
  "pk": 1,
  "fields": {
    "user": 1,
    "public_profile": true,
    "theme": "light"
  }
},
{
  "model": "users.userpreference",
  "pk": 12,
  "fields": {
    "user": 13,
    "public_profile": true,
    "theme": "bumblebee"
  }
},
{
  "model": "users.userpreference",
  "pk": 23,
  "fields": {
    "user": 24,
    "public_profile": true,
    "theme": "light"
  }
},
{
  "model": "users.userpreference",
  "pk": 24,
  "fields": {
    "user": 25,
    "public_profile": true,
    "theme": "light"
  }
},
{
  "model": "users.userpreference",
  "pk": 25,
  "fields": {
    "user": 26,
    "public_profile": true,
    "theme": "light"
  }
},
{
  "model": "users.userpreference",
  "pk": 26,
  "fields": {
    "user": 27,
    "public_profile": true,
    "theme": "light"
  }
},
{
  "model": "users.userpreference",
  "pk": 27,
  "fields": {
    "user": 28,
    "public_profile": true,
    "theme": "light"
  }
},
{
  "model": "users.userpreference",
  "pk": 28,
  "fields": {
    "user": 29,
    "public_profile": true,
    "theme": "light"
  }
},
{
  "model": "users.userpreference",
  "pk": 29,
  "fields": {
    "user": 30,
    "public_profile": true,
    "theme": "light"
  }
},
{
  "model": "users.userpreference",
  "pk": 30,
  "fields": {
    "user": 31,
    "public_profile": true,
    "theme": "light"
  }
},
{
  "model": "users.userpreference",
  "pk": 31,
  "fields": {
    "user": 32,
    "public_profile": true,
    "theme": "light"
  }
},
{
  "model": "users.userpreference",
  "pk": 32,
  "fields": {
    "user": 33,
    "public_profile": true,
    "theme": "light"
  }
},
{
  "model": "users.userpreference",
  "pk": 33,
  "fields": {
    "user": 34,
    "public_profile": true,
    "theme": "light"
  }
},
{
  "model": "users.userpreference",
  "pk": 34,
  "fields": {
    "user": 35,
    "public_profile": true,
    "theme": "light"
  }
},
{
  "model": "users.userpreference",
  "pk": 35,
  "fields": {
    "user": 36,
    "public_profile": true,
    "theme": "light"
  }
},
{
  "model": "users.userpreference",
  "pk": 36,
  "fields": {
    "user": 37,
    "public_profile": true,
    "theme": "light"
  }
},
{
  "model": "users.userpreference",
  "pk": 37,
  "fields": {
    "user": 38,
    "public_profile": true,
    "theme": "light"
  }
},
{
  "model": "users.userpreference",
  "pk": 38,
  "fields": {
    "user": 39,
    "public_profile": true,
    "theme": "light"
  }
},
{
  "model": "users.userpreference",
  "pk": 39,
  "fields": {
    "user": 40,
    "public_profile": true,
    "theme": "light"
  }
},
{
  "model": "users.userpreference",
  "pk": 40,
  "fields": {
    "user": 41,
    "public_profile": true,
    "theme": "light"
  }
},
{
  "model": "users.userpreference",
  "pk": 41,
  "fields": {
    "user": 42,
    "public_profile": true,
    "theme": "light"
  }
},
{
  "model": "users.userpreference",
  "pk": 42,
  "fields": {
    "user": 43,
    "public_profile": true,
    "theme": "light"
  }
},
{
  "model": "users.userpreference",
  "pk": 43,
  "fields": {
    "user": 44,
    "public_profile": true,
    "theme": "light"
  }
},
{
  "model": "users.userpreference",
  "pk": 44,
  "fields": {
    "user": 45,
    "public_profile": true,
    "theme": "light"
  }
},
{
  "model": "users.userpreference",
  "pk": 45,
  "fields": {
    "user": 46,
    "public_profile": true,
    "theme": "light"
  }
},
{
  "model": "users.userpreference",
  "pk": 46,
  "fields": {
    "user": 47,
    "public_profile": true,
    "theme": "light"
  }
},
{
  "model": "users.userpreference",
  "pk": 47,
  "fields": {
    "user": 48,
    "public_profile": true,
    "theme": "light"
  }
},
{
  "model": "users.userpreference",
  "pk": 48,
  "fields": {
    "user": 49,
    "public_profile": true,
    "theme": "light"
  }
},
{
  "model": "users.userpreference",
  "pk": 49,
  "fields": {
    "user": 50,
    "public_profile": true,
    "theme": "light"
  }
},
{
  "model": "users.userpreference",
  "pk": 50,
  "fields": {
    "user": 51,
    "public_profile": true,
    "theme": "light"
  }
},
{
  "model": "users.userpreference",
  "pk": 52,
  "fields": {
    "user": 53,
    "public_profile": true,
    "theme": "light"
  }
},
{
  "model": "users.userpreference",
  "pk": 53,
  "fields": {
    "user": 54,
    "public_profile": true,
    "theme": "light"
  }
},
{
  "model": "users.userpreference",
  "pk": 54,
  "fields": {
    "user": 55,
    "public_profile": true,
    "theme": "light"
  }
},
{
  "model": "users.userpreference",
  "pk": 55,
  "fields": {
    "user": 56,
    "public_profile": true,
    "theme": "light"
  }
},
{
  "model": "users.userpreference",
  "pk": 56,
  "fields": {
    "user": 57,
    "public_profile": true,
    "theme": "light"
  }
},
{
  "model": "users.userpreference",
  "pk": 57,
  "fields": {
    "user": 58,
    "public_profile": true,
    "theme": "light"
  }
},
{
  "model": "users.userpreference",
  "pk": 58,
  "fields": {
    "user": 59,
    "public_profile": true,
    "theme": "light"
  }
},
{
  "model": "users.userpreference",
  "pk": 59,
  "fields": {
    "user": 60,
    "public_profile": true,
    "theme": "light"
  }
},
{
  "model": "users.userpreference",
  "pk": 60,
  "fields": {
    "user": 61,
    "public_profile": true,
    "theme": "light"
  }
},
{
  "model": "users.userpreference",
  "pk": 61,
  "fields": {
    "user": 62,
    "public_profile": true,
    "theme": "light"
  }
},
{
  "model": "users.userpreference",
  "pk": 62,
  "fields": {
    "user": 63,
    "public_profile": true,
    "theme": "light"
  }
},
{
  "model": "users.notification",
  "pk": 2,
  "fields": {
    "recipient": 1,
    "actor": 13,
    "verb": "回复了你的评论",
    "content_type": 7,
    "object_id": 125,
    "timestamp": "2026-01-12T19:55:31.143Z",
    "is_read": true
  }
},
{
  "model": "users.notification",
  "pk": 3,
  "fields": {
    "recipient": 55,
    "actor": 54,
    "verb": "评论了你的文章",
    "content_type": 7,
    "object_id": 249,
    "timestamp": "2026-01-19T03:46:50.683Z",
    "is_read": false
  }
},
{
  "model": "users.notification",
  "pk": 4,
  "fields": {
    "recipient": 55,
    "actor": 54,
    "verb": "评论了你的文章",
    "content_type": 7,
    "object_id": 251,
    "timestamp": "2026-01-19T03:46:50.685Z",
    "is_read": false
  }
},
{
  "model": "users.notification",
  "pk": 5,
  "fields": {
    "recipient": 55,
    "actor": 54,
    "verb": "评论了你的文章",
    "content_type": 7,
    "object_id": 252,
    "timestamp": "2026-01-19T03:46:50.686Z",
    "is_read": false
  }
},
{
  "model": "users.notification",
  "pk": 6,
  "fields": {
    "recipient": 55,
    "actor": 54,
    "verb": "评论了你的文章",
    "content_type": 7,
    "object_id": 253,
    "timestamp": "2026-01-19T03:46:50.686Z",
    "is_read": false
  }
},
{
  "model": "users.notification",
  "pk": 7,
  "fields": {
    "recipient": 62,
    "actor": 59,
    "verb": "评论了你的文章",
    "content_type": 7,
    "object_id": 375,
    "timestamp": "2026-01-19T11:57:40.193Z",
    "is_read": false
  }
},
{
  "model": "users.notification",
  "pk": 8,
  "fields": {
    "recipient": 62,
    "actor": 60,
    "verb": "评论了你的文章",
    "content_type": 7,
    "object_id": 377,
    "timestamp": "2026-01-19T11:57:40.195Z",
    "is_read": false
  }
},
{
  "model": "users.notification",
  "pk": 9,
  "fields": {
    "recipient": 62,
    "actor": 59,
    "verb": "评论了你的文章",
    "content_type": 7,
    "object_id": 378,
    "timestamp": "2026-01-19T11:57:40.196Z",
    "is_read": false
  }
},
{
  "model": "users.notification",
  "pk": 10,
  "fields": {
    "recipient": 62,
    "actor": 61,
    "verb": "评论了你的文章",
    "content_type": 7,
    "object_id": 380,
    "timestamp": "2026-01-19T11:57:40.197Z",
    "is_read": false
  }
},
{
  "model": "users.notification",
  "pk": 11,
  "fields": {
    "recipient": 61,
    "actor": 60,
    "verb": "评论了你的文章",
    "content_type": 7,
    "object_id": 381,
    "timestamp": "2026-01-19T11:57:40.198Z",
    "is_read": false
  }
},
{
  "model": "users.notification",
  "pk": 12,
  "fields": {
    "recipient": 61,
    "actor": 59,
    "verb": "回复了你的评论",
    "content_type": 7,
    "object_id": 382,
    "timestamp": "2026-01-19T11:57:40.199Z",
    "is_read": false
  }
},
{
  "model": "users.notification",
  "pk": 13,
  "fields": {
    "recipient": 62,
    "actor": 58,
    "verb": "评论了你的文章",
    "content_type": 7,
    "object_id": 383,
    "timestamp": "2026-01-19T11:57:40.200Z",
    "is_read": false
  }
},
{
  "model": "users.notification",
  "pk": 14,
  "fields": {
    "recipient": 62,
    "actor": 58,
    "verb": "评论了你的文章",
    "content_type": 7,
    "object_id": 384,
    "timestamp": "2026-01-19T11:57:40.200Z",
    "is_read": false
  }
},
{
  "model": "users.notification",
  "pk": 15,
  "fields": {
    "recipient": 60,
    "actor": 62,
    "verb": "评论了你的文章",
    "content_type": 7,
    "object_id": 385,
    "timestamp": "2026-01-19T11:57:40.201Z",
    "is_read": false
  }
},
{
  "model": "users.notification",
  "pk": 16,
  "fields": {
    "recipient": 61,
    "actor": 59,
    "verb": "评论了你的文章",
    "content_type": 7,
    "object_id": 386,
    "timestamp": "2026-01-19T11:57:40.202Z",
    "is_read": false
  }
},
{
  "model": "users.notification",
  "pk": 17,
  "fields": {
    "recipient": 58,
    "actor": 61,
    "verb": "回复了你的评论",
    "content_type": 7,
    "object_id": 388,
    "timestamp": "2026-01-19T11:57:40.204Z",
    "is_read": false
  }
},
{
  "model": "users.notification",
  "pk": 18,
  "fields": {
    "recipient": 62,
    "actor": 60,
    "verb": "评论了你的文章",
    "content_type": 7,
    "object_id": 389,
    "timestamp": "2026-01-19T11:57:40.205Z",
    "is_read": false
  }
},
{
  "model": "users.notification",
  "pk": 19,
  "fields": {
    "recipient": 58,
    "actor": 62,
    "verb": "评论了你的文章",
    "content_type": 7,
    "object_id": 390,
    "timestamp": "2026-01-19T11:57:40.205Z",
    "is_read": false
  }
},
{
  "model": "users.notification",
  "pk": 20,
  "fields": {
    "recipient": 62,
    "actor": 58,
    "verb": "回复了你的评论",
    "content_type": 7,
    "object_id": 391,
    "timestamp": "2026-01-19T11:57:40.206Z",
    "is_read": false
  }
},
{
  "model": "users.notification",
  "pk": 21,
  "fields": {
    "recipient": 59,
    "actor": 60,
    "verb": "评论了你的文章",
    "content_type": 7,
    "object_id": 392,
    "timestamp": "2026-01-19T11:57:40.207Z",
    "is_read": false
  }
},
{
  "model": "users.notification",
  "pk": 22,
  "fields": {
    "recipient": 61,
    "actor": 58,
    "verb": "评论了你的文章",
    "content_type": 7,
    "object_id": 393,
    "timestamp": "2026-01-19T11:57:40.207Z",
    "is_read": false
  }
},
{
  "model": "users.notification",
  "pk": 23,
  "fields": {
    "recipient": 62,
    "actor": 59,
    "verb": "评论了你的文章",
    "content_type": 7,
    "object_id": 396,
    "timestamp": "2026-01-19T11:57:40.210Z",
    "is_read": false
  }
},
{
  "model": "users.notification",
  "pk": 24,
  "fields": {
    "recipient": 58,
    "actor": 61,
    "verb": "评论了你的文章",
    "content_type": 7,
    "object_id": 399,
    "timestamp": "2026-01-19T11:57:40.212Z",
    "is_read": false
  }
},
{
  "model": "users.notification",
  "pk": 25,
  "fields": {
    "recipient": 60,
    "actor": 59,
    "verb": "回复了你的评论",
    "content_type": 7,
    "object_id": 401,
    "timestamp": "2026-01-19T11:57:40.213Z",
    "is_read": false
  }
},
{
  "model": "users.notification",
  "pk": 26,
  "fields": {
    "recipient": 62,
    "actor": 58,
    "verb": "评论了你的文章",
    "content_type": 7,
    "object_id": 402,
    "timestamp": "2026-01-19T11:57:40.214Z",
    "is_read": false
  }
},
{
  "model": "users.notification",
  "pk": 27,
  "fields": {
    "recipient": 59,
    "actor": 60,
    "verb": "评论了你的文章",
    "content_type": 7,
    "object_id": 403,
    "timestamp": "2026-01-19T11:57:40.216Z",
    "is_read": false
  }
},
{
  "model": "core.page",
  "pk": 1,
  "fields": {
    "title": "关于我们",
    "title_zh_hans": "关于我们",
    "title_en": null,
    "title_zh_hant": null,
    "title_ja": null,
    "slug": "about",
    "content": "<p>这是关于我们页面。</p>",
    "content_zh_hans": "<p>这是关于我们页面。</p>",
    "content_en": null,
    "content_zh_hant": null,
    "content_ja": null,
    "status": "published",
    "created_at": "2026-01-07T00:15:57.205Z",
    "updated_at": "2026-01-07T00:15:57.205Z"
  }
},
{
  "model": "core.page",
  "pk": 2,
  "fields": {
    "title": "联系我们",
    "title_zh_hans": "联系我们",
    "title_en": null,
    "title_zh_hant": null,
    "title_ja": null,
    "slug": "contact",
    "content": "<p>这是联系我们页面。</p>",
    "content_zh_hans": "<p>这是联系我们页面。</p>",
    "content_en": null,
    "content_zh_hant": null,
    "content_ja": null,
    "status": "published",
    "created_at": "2026-01-07T00:15:57.212Z",
    "updated_at": "2026-01-07T00:15:57.212Z"
  }
},
{
  "model": "core.page",
  "pk": 4,
  "fields": {
    "title": "隐私政策",
    "title_zh_hans": "隐私政策",
    "title_en": "privacy policy",
    "title_zh_hant": "隱私政策",
    "title_ja": "プライバシーポリシー",
    "slug": "privacy-policy",
    "content": "# 隐私政策\n\n**生效日期：** 2024年01月01日\n\n欢迎访问 {{ config.SITE_NAME }}（以下简称“本站”）。我们非常重视您的隐私保护。本隐私政策旨在向您说明我们如何收集、使用、存储和保护您的个人信息。\n\n## 1. 我们收集的信息\n\n当您访问本站或使用我们的服务时，我们可能会收集以下类型的信息：\n\n*   **日志信息：** 包括您的 IP 地址、浏览器类型、访问时间、访问页面等服务器日志信息。\n*   **交互信息：** 如果您发表评论或留言，我们会收集您提交的昵称、邮箱地址（仅用于通知，不会公开）和评论内容。\n*   **Cookie：** 我们使用 Cookie 来改善用户体验，例如记住您的偏好设置。\n\n## 2. 信息的使用\n\n我们收集的信息主要用于：\n\n*   提供和维护本站的服务。\n*   改善网站内容和用户体验。\n*   在您同意的情况下，向您发送相关通知（如评论回复）。\n*   保障网站安全，防止欺诈和滥用。\n\n## 3. 信息共享与披露\n\n我们要么不共享您的个人信息，除非：\n\n*   获得您的明确同意。\n*   法律法规要求或响应政府部门的强制性命令。\n*   为了保护本站或公众的权利、财产或安全。\n\n## 4. 数据安全\n\n我们采取合理的安全措施来保护您的个人信息，防止未经授权的访问、使用或泄露。\n\n## 5. 您的权利\n\n您有权查阅、更正或删除您的个人信息。如果您希望行使这些权利，请通过 {{ config.CONTACT_EMAIL }} 联系我们。\n\n## 6. 变更通知\n\n我们可能会不时更新本隐私政策。更新后的政策将发布在本页面，并更新“生效日期”。\n\n## 7. 联系我们\n\n如果您对本隐私政策有任何疑问，请联系：{{ config.SITE_EMAIL }}",
    "content_zh_hans": "# 隐私政策\n\n**生效日期：** 2024年01月01日\n\n欢迎访问 {{ config.SITE_NAME }}（以下简称“本站”）。我们非常重视您的隐私保护。本隐私政策旨在向您说明我们如何收集、使用、存储和保护您的个人信息。\n\n## 1. 我们收集的信息\n\n当您访问本站或使用我们的服务时，我们可能会收集以下类型的信息：\n\n*   **日志信息：** 包括您的 IP 地址、浏览器类型、访问时间、访问页面等服务器日志信息。\n*   **交互信息：** 如果您发表评论或留言，我们会收集您提交的昵称、邮箱地址（仅用于通知，不会公开）和评论内容。\n*   **Cookie：** 我们使用 Cookie 来改善用户体验，例如记住您的偏好设置。\n\n## 2. 信息的使用\n\n我们收集的信息主要用于：\n\n*   提供和维护本站的服务。\n*   改善网站内容和用户体验。\n*   在您同意的情况下，向您发送相关通知（如评论回复）。\n*   保障网站安全，防止欺诈和滥用。\n\n## 3. 信息共享与披露\n\n我们要么不共享您的个人信息，除非：\n\n*   获得您的明确同意。\n*   法律法规要求或响应政府部门的强制性命令。\n*   为了保护本站或公众的权利、财产或安全。\n\n## 4. 数据安全\n\n我们采取合理的安全措施来保护您的个人信息，防止未经授权的访问、使用或泄露。\n\n## 5. 您的权利\n\n您有权查阅、更正或删除您的个人信息。如果您希望行使这些权利，请通过 {{ config.CONTACT_EMAIL }} 联系我们。\n\n## 6. 变更通知\n\n我们可能会不时更新本隐私政策。更新后的政策将发布在本页面，并更新“生效日期”。\n\n## 7. 联系我们\n\n如果您对本隐私政策有任何疑问，请联系：{{ config.SITE_EMAIL }}",
    "content_en": "#privacypolicy\n\n**Effective date:** January 1, 2024\n\nWelcome to {{ config.SITE_NAME }} (hereinafter referred to as the \"Site\"). We take your privacy protection very seriously. This privacy policy is intended to explain to you how we collect, use, store and protect your personal information.\n\n## 1. Information we collect\n\nWhen you visit this site or use our services, we may collect the following types of information:\n\n* **Log information:** Including your IP address, browser type, access time, accessed pages and other server log information.\n* **Interaction information:** If you leave a comment or message, we will collect the nickname, email address you submitted (only for notification and will not be made public) and the content of the comment.\n* **Cookies:** We use cookies to improve user experience, such as remembering your preferences.\n\n## 2. Use of information\n\nThe information we collect is mainly used to:\n\n* Provide and maintain the services of this site.\n* Improve website content and user experience.\n* With your consent, send you relevant notifications (such as comment replies).\n* Keep the website secure and prevent fraud and abuse.\n\n## 3. Information Sharing and Disclosure\n\nWe either do not share your personal information unless:\n\n* With your express consent.\n* Required by laws and regulations or in response to mandatory orders from government departments.\n* To protect the rights, property or safety of the Site or the public.\n\n## 4. Data security\n\nWe take reasonable security measures to protect your personal information from unauthorized access, use or disclosure.\n\n## 5. Your Rights\n\nYou have the right to access, correct or delete your personal information. If you wish to exercise these rights, please contact us at {{ config.CONTACT_EMAIL }}.\n\n## 6. Change notification\n\nWe may update this privacy policy from time to time. The updated policy will be posted on this page and the \"Effectiveness Date\" will be updated.\n\n## 7. Contact us\n\nIf you have any questions about this Privacy Policy, please contact: {{ config.SITE_EMAIL }}",
    "content_zh_hant": "# 隱私政策\n\n**生效日期：** 2024年01月01日\n\n歡迎訪問 {{ config.SITE_NAME }}（以下簡稱“本站”）。我們非常重視您的隱私保護。本隱私政策旨在向您說明我們如何收集、使用、存儲和保護您的個人信息。\n\n## 1. 我們收集的信息\n\n當您訪問本站或使用我們的服務時，我們可能會收集以下類型的信息：\n\n*   **日誌信息：** 包括您的 IP 地址、瀏覽器類型、訪問時間、訪問頁面等服務器日誌信息。\n*   **交互信息：** 如果您發表評論或留言，我們會收集您提交的暱稱、郵箱地址（僅用於通知，不會公開）和評論內容。\n*   **Cookie：** 我們使用 Cookie 來改善用戶體驗，例如記住您的偏好設置。\n\n## 2. 信息的使用\n\n我們收集的信息主要用於：\n\n*   提供和維護本站的服務。\n*   改善網站內容和用戶體驗。\n*   在您同意的情況下，向您發送相關通知（如評論回复）。\n*   保障網站安全，防止欺詐和濫用。\n\n## 3. 信息共享與披露\n\n我們要么不共享您的個人信息，除非：\n\n*   獲得您的明確同意。\n*   法律法規要求或響應政府部門的強制性命令。\n*   為了保護本站或公眾的權利、財產或安全。\n\n## 4. 數據安全\n\n我們採取合理的安全措施來保護您的個人信息，防止未經授權的訪問、使用或洩露。\n\n## 5. 您的權利\n\n您有權查閱、更正或刪除您的個人信息。如果您希望行使這些權利，請通過 {{ config.CONTACT_EMAIL }} 聯繫我們。\n\n## 6. 變更通知\n\n我們可能會不時更新本隱私政策。更新後的政策將發佈在本頁面，並更新“生效日期”。\n\n## 7. 聯繫我們\n\n如果您對本隱私政策有任何疑問，請聯繫：{{ config.SITE_EMAIL }}",
    "content_ja": "#プライバシーポリシー\n\n**発効日:** 2024 年 1 月 1 日\n\n{{ config.SITE_NAME }} (以下「サイト」といいます) へようこそ。私たちはお客様のプライバシー保護を非常に重視しています。このプライバシー ポリシーは、当社がお客様の個人情報をどのように収集、使用、保管、保護するかを説明することを目的としています。\n\n## 1. 当社が収集する情報\n\nあなたがこのサイトにアクセスするか、当社のサービスを利用するとき、当社は次の種類の情報を収集することがあります。\n\n* **ログ情報:** IP アドレス、ブラウザの種類、アクセス時間、アクセスされたページ、その他のサーバー ログ情報が含まれます。\n* **インタラクション情報:** コメントまたはメッセージを残すと、ニックネーム、送信した電子メール アドレス (通知のみで公開されません)、およびコメントの内容が収集されます。\n* **Cookie:** 当社は、お客様の設定を記憶するなど、ユーザー エクスペリエンスを向上させるために Cookie を使用します。\n\n## 2. 情報の利用\n\n当社が収集する情報は主に次の目的で使用されます。\n\n※本サイトのサービスの提供および保守。\n* Web サイトのコンテンツとユーザー エクスペリエンスを向上させます。\n※同意を得た上で、関連する通知（コメント返信など）を送信します。\n* ウェブサイトを安全に保ち、詐欺や悪用を防ぎます。\n\n## 3. 情報の共有と開示\n\n当社は、以下の場合を除き、お客様の個人情報を共有しません。\n\n* お客様の明示的な同意がある場合。\n※法令に基づく場合、または官公庁からの命令に基づく場合。\n* サイトまたは公衆の権利、財産、または安全を保護するため。\n\n## 4. データのセキュリティ\n\n当社は、お客様の個人情報を不正なアクセス、使用、開示から保護するために合理的なセキュリティ対策を講じています。\n\n## 5.あなたの権利\n\nあなたには、自分の個人情報にアクセスし、修正または削除する権利があります。これらの権利を行使したい場合は、{{ config.CONTACT_EMAIL }} までご連絡ください。\n\n## 6. 変更通知\n\n当社は、このプライバシー ポリシーを随時更新することがあります。更新されたポリシーはこのページに掲載され、「発効日」が更新されます。\n\n## 7. お問い合わせください\n\nこのプライバシー ポリシーについてご質問がある場合は、{{ config.SITE_EMAIL }} までご連絡ください。",
    "status": "published",
    "created_at": "2026-01-27T08:26:39.079Z",
    "updated_at": "2026-01-30T16:29:15.760Z"
  }
},
{
  "model": "core.searchplaceholder",
  "pk": 1,
  "fields": {
    "text": "搜索 Django...",
    "text_zh_hans": "搜索 Django...",
    "text_en": null,
    "text_zh_hant": null,
    "text_ja": null,
    "is_active": true,
    "order": 0,
    "created_at": "2026-01-15T07:00:23.212Z"
  }
},
{
  "model": "core.searchplaceholder",
  "pk": 2,
  "fields": {
    "text": "搜索 Python...",
    "text_zh_hans": "搜索 Python...",
    "text_en": null,
    "text_zh_hant": null,
    "text_ja": null,
    "is_active": true,
    "order": 0,
    "created_at": "2026-01-15T07:00:35.179Z"
  }
},
{
  "model": "core.searchplaceholder",
  "pk": 3,
  "fields": {
    "text": "登上火星！",
    "text_zh_hans": "登上火星！",
    "text_en": null,
    "text_zh_hant": null,
    "text_ja": null,
    "is_active": true,
    "order": 0,
    "created_at": "2026-01-15T07:00:49.842Z"
  }
},
{
  "model": "core.searchplaceholder",
  "pk": 4,
  "fields": {
    "text": "改变未来",
    "text_zh_hans": "改变未来",
    "text_en": null,
    "text_zh_hant": null,
    "text_ja": null,
    "is_active": true,
    "order": 0,
    "created_at": "2026-01-15T07:00:55.759Z"
  }
},
{
  "model": "core.searchplaceholder",
  "pk": 5,
  "fields": {
    "text": "搜索 Tailwind...",
    "text_zh_hans": "搜索 Tailwind...",
    "text_en": null,
    "text_zh_hant": null,
    "text_ja": null,
    "is_active": true,
    "order": 2,
    "created_at": "2026-01-19T03:57:41.048Z"
  }
},
{
  "model": "core.searchplaceholder",
  "pk": 9,
  "fields": {
    "text": "测试",
    "text_zh_hans": "测试",
    "text_en": "test",
    "text_zh_hant": "測試",
    "text_ja": "テスト",
    "is_active": true,
    "order": 0,
    "created_at": "2026-01-30T17:27:34.607Z"
  }
},
{
  "model": "core.friendlink",
  "pk": 1,
  "fields": {
    "name": "哔哩哔哩",
    "name_zh_hans": "哔哩哔哩",
    "name_en": "Bilibili",
    "name_zh_hant": "嗶哩嗶哩",
    "name_ja": "ビリビリ",
    "url": "https://www.bilibili.com/",
    "description": "哔哩哔哩",
    "description_zh_hans": "哔哩哔哩",
    "description_en": "Bilibili",
    "description_zh_hant": "嗶哩嗶哩",
    "description_ja": "ビリビリ",
    "logo": "",
    "order": 0,
    "is_active": true,
    "target_blank": false
  }
},
{
  "model": "core.friendlink",
  "pk": 2,
  "fields": {
    "name": "Django Official",
    "name_zh_hans": "Django Official",
    "name_en": null,
    "name_zh_hant": null,
    "name_ja": null,
    "url": "https://www.djangoproject.com/",
    "description": "Configurable multi-state solution",
    "description_zh_hans": "Configurable multi-state solution",
    "description_en": null,
    "description_zh_hant": null,
    "description_ja": null,
    "logo": "",
    "order": 0,
    "is_active": true,
    "target_blank": false
  }
},
{
  "model": "core.friendlink",
  "pk": 3,
  "fields": {
    "name": "Python",
    "name_zh_hans": "Python",
    "name_en": null,
    "name_zh_hant": null,
    "name_ja": null,
    "url": "https://www.python.org/",
    "description": "Business-focused maximized algorithm",
    "description_zh_hans": "Business-focused maximized algorithm",
    "description_en": null,
    "description_zh_hant": null,
    "description_ja": null,
    "logo": "",
    "order": 1,
    "is_active": true,
    "target_blank": false
  }
},
{
  "model": "core.friendlink",
  "pk": 4,
  "fields": {
    "name": "Tailwind CSS",
    "name_zh_hans": "Tailwind CSS",
    "name_en": null,
    "name_zh_hant": null,
    "name_ja": null,
    "url": "https://tailwindcss.com/",
    "description": "De-engineered intangible challenge",
    "description_zh_hans": "De-engineered intangible challenge",
    "description_en": null,
    "description_zh_hant": null,
    "description_ja": null,
    "logo": "",
    "order": 2,
    "is_active": true,
    "target_blank": false
  }
},
{
  "model": "core.friendlink",
  "pk": 5,
  "fields": {
    "name": "GitHub",
    "name_zh_hans": "GitHub",
    "name_en": null,
    "name_zh_hant": null,
    "name_ja": null,
    "url": "https://github.com/",
    "description": "Networked impactful installation",
    "description_zh_hans": "Networked impactful installation",
    "description_en": null,
    "description_zh_hant": null,
    "description_ja": null,
    "logo": "",
    "order": 3,
    "is_active": true,
    "target_blank": false
  }
},
{
  "model": "core.friendlink",
  "pk": 6,
  "fields": {
    "name": "Stack Overflow",
    "name_zh_hans": "Stack Overflow",
    "name_en": null,
    "name_zh_hant": null,
    "name_ja": null,
    "url": "https://stackoverflow.com/",
    "description": "Vision-oriented homogeneous secured line",
    "description_zh_hans": "Vision-oriented homogeneous secured line",
    "description_en": null,
    "description_zh_hant": null,
    "description_ja": null,
    "logo": "",
    "order": 4,
    "is_active": true,
    "target_blank": false
  }
},
{
  "model": "core.friendlink",
  "pk": 7,
  "fields": {
    "name": "it之家",
    "name_zh_hans": "it之家",
    "name_en": "it home",
    "name_zh_hant": "it之家",
    "name_ja": "それは家です",
    "url": "https://www.ithome.com/",
    "description": "https://www.ithome.com/",
    "description_zh_hans": "https://www.ithome.com/",
    "description_en": "https://www.ithome.com/",
    "description_zh_hant": "https://www.ithome.com/",
    "description_ja": "https://www.ithome.com/",
    "logo": "",
    "order": 0,
    "is_active": true,
    "target_blank": false
  }
},
{
  "model": "core.navigation",
  "pk": 1,
  "fields": {
    "title": "后台管理",
    "title_zh_hans": "后台管理",
    "title_en": "Backend management",
    "title_zh_hant": "後台管理",
    "title_ja": "バックエンド管理",
    "url": "/admin",
    "location": "header",
    "order": 99,
    "is_active": true,
    "target_blank": false
  }
},
{
  "model": "core.navigation",
  "pk": 10,
  "fields": {
    "title": "团队roll点工具",
    "title_zh_hans": "团队roll点工具",
    "title_en": "Team roll point tool",
    "title_zh_hant": "團隊roll點工具",
    "title_ja": "チームロールポイントツール",
    "url": "https://roll.choyeon.cc/",
    "location": "sidebar",
    "order": 0,
    "is_active": true,
    "target_blank": false
  }
},
{
  "model": "core.navigation",
  "pk": 12,
  "fields": {
    "title": "留言板",
    "title_zh_hans": "留言板",
    "title_en": "message board",
    "title_zh_hant": "留言板",
    "title_ja": "掲示板",
    "url": "/guestbook/",
    "location": "footer",
    "order": 0,
    "is_active": true,
    "target_blank": false
  }
},
{
  "model": "core.navigation",
  "pk": 13,
  "fields": {
    "title": "留言板",
    "title_zh_hans": "留言板",
    "title_en": "message board",
    "title_zh_hant": "留言板",
    "title_ja": "掲示板",
    "url": "/guestbook/",
    "location": "sidebar",
    "order": 0,
    "is_active": true,
    "target_blank": false
  }
},
{
  "model": "voting.poll",
  "pk": 4,
  "fields": {
    "title": "测试",
    "title_zh_hans": "测试",
    "title_en": "test",
    "title_zh_hant": "測試",
    "title_ja": "テスト",
    "description": "测试",
    "description_zh_hans": "测试",
    "description_en": "test",
    "description_zh_hant": "測試",
    "description_ja": "テスト",
    "is_active": true,
    "created_at": "2026-01-30T02:39:15.492Z",
    "allow_multiple_choices": true,
    "end_date": null,
    "related_post": null
  }
},
{
  "model": "voting.choice",
  "pk": 11,
  "fields": {
    "poll": 4,
    "text": "测试",
    "text_zh_hans": "测试",
    "text_en": "test",
    "text_zh_hant": "測試",
    "text_ja": "テスト",
    "votes_count": 1
  }
},
{
  "model": "voting.choice",
  "pk": 12,
  "fields": {
    "poll": 4,
    "text": "测试2",
    "text_zh_hans": "测试2",
    "text_en": "test2",
    "text_zh_hant": "測試2",
    "text_ja": "テスト2",
    "votes_count": 0
  }
},
{
  "model": "voting.choice",
  "pk": 13,
  "fields": {
    "poll": 4,
    "text": "AlpineAlpine",
    "text_zh_hans": "AlpineAlpine",
    "text_en": "AlpineAlpine",
    "text_zh_hant": "AlpineAlpine",
    "text_ja": "アルパインアルパイン",
    "votes_count": 0
  }
},
{
  "model": "voting.choice",
  "pk": 14,
  "fields": {
    "poll": 4,
    "text": "polls",
    "text_zh_hans": "polls",
    "text_en": "polls",
    "text_zh_hant": "polls",
    "text_ja": "世論調査",
    "votes_count": 0
  }
},
{
  "model": "voting.choice",
  "pk": 15,
  "fields": {
    "poll": 4,
    "text": "有一些问题",
    "text_zh_hans": "有一些问题",
    "text_en": "There are some problems",
    "text_zh_hant": "有一些問題",
    "text_ja": "いくつか問題があります",
    "votes_count": 0
  }
},
{
  "model": "voting.choice",
  "pk": 16,
  "fields": {
    "poll": 4,
    "text": "导弹",
    "text_zh_hans": "导弹",
    "text_en": "missile",
    "text_zh_hant": "飛彈",
    "text_ja": "ミサイル",
    "votes_count": 0
  }
},
{
  "model": "voting.vote",
  "pk": 3,
  "fields": {
    "poll": 4,
    "user": 1,
    "choice": 11,
    "created_at": "2026-01-30T02:44:40.644Z"
  }
},
{
  "model": "guestbook.guestbookentry",
  "pk": 1,
  "fields": {
    "user": 1,
    "nickname": "Choyeon",
    "email": "chushine@foxmail.com",
    "website": "",
    "show_email": false,
    "content": "测试",
    "is_public": true,
    "created_at": "2026-01-27T09:13:37.883Z",
    "reply_content": "",
    "reply_at": null
  }
},
{
  "model": "guestbook.guestbookentry",
  "pk": 2,
  "fields": {
    "user": 1,
    "nickname": "Choyeon",
    "email": "chushine@foxmail.com",
    "website": "",
    "show_email": false,
    "content": "cs",
    "is_public": true,
    "created_at": "2026-01-27T09:17:01.554Z",
    "reply_content": "",
    "reply_at": null
  }
}
]
